Municipality,County,Year,Square Miles,Population ,Median Household Income,Percent of Population in Poverty,"Car, truck, or van"
Aberdeen township,Monmouth,2015,5.6,18282,84720,6.7%,84%
Aberdeen township,Monmouth,2020,5.6,18729,108132,2.9%,78%
Absecon city,Atlantic,2015,7.2,8394,63656,4.9%,91%
Absecon city,Atlantic,2020,7.2,8471,69293,9.2%,91%
Alexandria township,Hunterdon,2015,27.7,4882,130262,1.6%,91%
Alexandria township,Hunterdon,2020,27.7,4769,127234,4.4%,90%
Allamuchy township,Warren,2015,20.3,4499,88802,4.0%,83%
Allamuchy township,Warren,2020,20.3,4640,109212,1.9%,86%
Allendale borough,Bergen,2015,3.1,6717,140331,4.0%,79%
Allendale borough,Bergen,2020,3.1,6757,157958,2.5%,64%
Allenhurst borough,Monmouth,2015,0.3,486,83155,3.5%,85%
Allenhurst borough,Monmouth,2020,0.3,492,100625,2.8%,82%
Allentown borough,Monmouth,2015,0.6,1888,97434,2.6%,90%
Allentown borough,Monmouth,2020,0.6,1740,100769,2.8%,88%
Alloway township,Salem,2015,33.9,3417,73586,5.4%,94%
Alloway township,Salem,2020,33.9,3359,86583,3.1%,97%
Alpha borough,Warren,2015,1.7,2272,58804,9.6%,94%
Alpha borough,Warren,2020,1.7,2141,75612,4.8%,92%
Alpine borough,Bergen,2015,6.4,1559,111146,10.8%,78%
Alpine borough,Bergen,2020,6.4,1459,161346,6.2%,84%
Andover borough,Sussex,2015,1.4,662,76875,4.4%,94%
Andover borough,Sussex,2020,1.4,675,64844,3.6%,79%
Andover township,Sussex,2015,20.8,6127,103598,3.9%,89%
Andover township,Sussex,2020,20.8,5914,113947,4.9%,88%
Asbury Park city,Monmouth,2015,1.5,15945,32755,31.9%,69%
Asbury Park city,Monmouth,2020,1.5,15536,53655,22.5%,71%
Atlantic City city,Atlantic,2015,15.9,39547,25737,36.9%,50%
Atlantic City city,Atlantic,2020,15.9,37793,29526,35.2%,54%
Atlantic Highlands borough,Monmouth,2015,1.2,4346,88024,6.4%,74%
Atlantic Highlands borough,Monmouth,2020,1.2,4312,103712,3.6%,72%
Audubon borough,Camden,2015,1.5,8772,79000,5.6%,90%
Audubon borough,Camden,2020,1.5,8656,90335,2.3%,79%
Audubon Park borough,Camden,2015,0.2,1010,44722,8.6%,87%
Audubon Park borough,Camden,2020,0.2,969,46855,8.8%,97%
Avalon borough,Cape May,2015,5.0,1596,83523,4.6%,79%
Avalon borough,Cape May,2020,5.0,1456,120000,3.6%,68%
Avon-by-the-Sea borough,Monmouth,2015,0.5,1809,71513,3.3%,76%
Avon-by-the-Sea borough,Monmouth,2020,0.5,1731,89615,8.9%,75%
Barnegat Light borough,Ocean,2015,1.3,589,77500,4.0%,71%
Barnegat Light borough,Ocean,2020,1.3,461,75833,4.2%,74%
Barnegat township,Ocean,2015,40.3,21617,65405,10.5%,93%
Barnegat township,Ocean,2020,40.3,23155,77428,7.9%,92%
Barrington borough,Camden,2015,1.6,6877,61711,6.4%,90%
Barrington borough,Camden,2020,1.6,6678,78708,5.0%,83%
Bass River township,Burlington,2015,78.3,1468,62727,10.5%,82%
Bass River township,Burlington,2020,78.3,1225,71618,12.2%,85%
Bay Head borough,Ocean,2015,0.7,992,108542,8.5%,81%
Bay Head borough,Ocean,2020,0.7,1050,102000,3.1%,81%
Bayonne city,Hudson,2015,7.7,65378,54413,14.8%,66%
Bayonne city,Hudson,2020,7.7,65112,69511,12.4%,62%
Beach Haven borough,Ocean,2015,2.3,991,71964,6.9%,85%
Beach Haven borough,Ocean,2020,2.3,979,105417,8.6%,68%
Beachwood borough,Ocean,2015,2.8,11128,71540,8.8%,93%
Beachwood borough,Ocean,2020,2.8,11274,81658,5.6%,94%
Bedminster township,Somerset,2015,26.4,8251,96644,4.0%,90%
Bedminster township,Somerset,2020,26.4,8042,119542,6.9%,85%
Belleville township,Essex,2015,3.4,36178,65234,9.9%,84%
Belleville township,Essex,2020,3.4,36340,73039,11.2%,85%
Bellmawr borough,Camden,2015,3.1,11507,50784,14.3%,94%
Bellmawr borough,Camden,2020,3.1,11375,60041,16.3%,89%
Belmar borough,Monmouth,2015,1.5,5745,62083,9.7%,82%
Belmar borough,Monmouth,2020,1.5,5613,79473,11.0%,87%
Belvidere town,Warren,2015,1.5,2634,56221,8.4%,92%
Belvidere town,Warren,2020,1.5,2573,85144,8.7%,80%
Bergenfield borough,Bergen,2015,2.9,27339,79000,7.6%,80%
Bergenfield borough,Bergen,2020,2.9,27375,102724,6.0%,79%
Berkeley Heights township,Union,2015,6.3,13339,139152,3.4%,81%
Berkeley Heights township,Union,2020,6.3,13321,180729,0.7%,79%
Berkeley township,Ocean,2015,54.2,41480,43942,7.6%,93%
Berkeley township,Ocean,2020,54.2,41963,54244,7.4%,90%
Berlin borough,Camden,2015,3.6,7618,82429,8.1%,89%
Berlin borough,Camden,2020,3.6,7543,96065,3.1%,89%
Berlin township,Camden,2015,3.3,5380,58893,10.1%,86%
Berlin township,Camden,2020,3.3,5647,75985,7.4%,88%
Bernards township,Somerset,2015,24.3,26983,129690,3.8%,84%
Bernards township,Somerset,2020,24.3,27114,151973,4.4%,79%
Bernardsville borough,Somerset,2015,12.9,7786,114444,1.3%,80%
Bernardsville borough,Somerset,2020,12.9,7641,161655,3.8%,74%
Bethlehem township,Hunterdon,2015,20.8,3922,130565,4.6%,88%
Bethlehem township,Hunterdon,2020,20.8,3864,139306,3.2%,87%
Beverly city,Burlington,2015,0.8,2569,50880,14.0%,91%
Beverly city,Burlington,2020,0.8,2425,78611,12.8%,88%
Blairstown township,Warren,2015,30.8,5850,84717,3.0%,88%
Blairstown township,Warren,2020,30.8,5727,107439,4.5%,88%
Bloomfield township,Essex,2015,5.4,47831,72840,8.0%,78%
Bloomfield township,Essex,2020,5.4,49733,81978,6.8%,73%
Bloomingdale borough,Passaic,2015,9.2,7933,75781,3.1%,93%
Bloomingdale borough,Passaic,2020,9.2,8080,97386,16.1%,88%
Bloomsbury borough,Hunterdon,2015,1.0,720,76071,5.3%,96%
Bloomsbury borough,Hunterdon,2020,1.0,786,75333,7.0%,92%
Bogota borough,Bergen,2015,0.8,8329,76649,11.2%,72%
Bogota borough,Bergen,2020,0.8,8375,99107,4.1%,78%
Boonton town,Morris,2015,2.5,8422,90326,5.6%,88%
Boonton town,Morris,2020,2.5,8510,85211,6.4%,87%
Boonton township,Morris,2015,8.5,4339,115268,1.9%,84%
Boonton township,Morris,2020,8.5,4275,145050,1.9%,82%
Bordentown city,Burlington,2015,1.0,3903,68266,5.2%,90%
Bordentown city,Burlington,2020,1.0,3808,82863,5.9%,88%
Bordentown township,Burlington,2015,9.3,11566,86104,4.6%,92%
Bordentown township,Burlington,2020,9.3,12103,96342,2.5%,93%
Bound Brook borough,Somerset,2015,1.7,10515,62263,10.2%,86%
Bound Brook borough,Somerset,2020,1.7,10254,70605,7.7%,80%
Bradley Beach borough,Monmouth,2015,0.6,4297,61682,9.6%,82%
Bradley Beach borough,Monmouth,2020,0.6,4175,78452,8.5%,73%
Branchburg township,Somerset,2015,20.3,14673,124306,3.8%,89%
Branchburg township,Somerset,2020,20.3,14509,146864,1.6%,87%
Branchville borough,Sussex,2015,0.6,889,67308,6.7%,88%
Branchville borough,Sussex,2020,0.6,1054,96563,8.3%,88%
Brick township,Ocean,2015,32.4,74991,70647,6.5%,92%
Brick township,Ocean,2020,32.4,75793,81330,6.2%,89%
Bridgeton city,Cumberland,2015,6.5,25201,36208,32.0%,87%
Bridgeton city,Cumberland,2020,6.5,24264,38319,33.8%,85%
Bridgewater township,Somerset,2015,32.4,45120,114510,3.6%,88%
Bridgewater township,Somerset,2020,32.4,44379,138087,3.3%,87%
Brielle borough,Monmouth,2015,2.3,4769,122416,2.5%,84%
Brielle borough,Monmouth,2020,2.3,4683,149015,1.1%,88%
Brigantine city,Atlantic,2015,10.7,9347,57031,11.9%,86%
Brigantine city,Atlantic,2020,10.7,8725,75329,10.1%,83%
Brooklawn borough,Camden,2015,0.5,1944,60208,15.1%,89%
Brooklawn borough,Camden,2020,0.5,1888,44805,7.4%,86%
Buena borough,Atlantic,2015,7.6,4566,46169,10.9%,91%
Buena borough,Atlantic,2020,7.6,4323,61914,5.7%,92%
Buena Vista township,Atlantic,2015,41.6,7558,50421,17.5%,91%
Buena Vista township,Atlantic,2020,41.6,7269,66268,6.6%,92%
Burlington city,Burlington,2015,3.8,9868,55072,10.0%,90%
Burlington city,Burlington,2020,3.8,9845,65688,15.5%,91%
Burlington township,Burlington,2015,14.1,22653,81798,7.2%,91%
Burlington township,Burlington,2020,14.1,22600,80972,6.9%,87%
Butler borough,Morris,2015,2.1,7659,92377,4.3%,88%
Butler borough,Morris,2020,2.1,7669,99519,5.6%,86%
Byram township,Sussex,2015,22.7,8175,104281,2.1%,90%
Byram township,Sussex,2020,22.7,7944,109457,2.7%,89%
Caldwell borough,Essex,2015,1.2,7902,72708,4.8%,85%
Caldwell borough,Essex,2020,1.2,7970,105102,6.4%,80%
Califon borough,Hunterdon,2015,1.0,1283,100833,3.2%,83%
Califon borough,Hunterdon,2020,1.0,1184,100750,4.7%,86%
Camden city,Camden,2015,10.5,76904,25042,39.9%,76%
Camden city,Camden,2020,10.5,73742,28623,33.6%,76%
Cape May city,Cape May,2015,2.9,3553,50625,12.9%,43%
Cape May city,Cape May,2020,2.9,3446,64330,5.9%,61%
Cape May Point borough,Cape May,2015,0.3,240,53125,12.5%,61%
Cape May Point borough,Cape May,2020,0.3,165,71902,21.2%,63%
Carlstadt borough,Bergen,2015,4.2,6225,70056,4.2%,77%
Carlstadt borough,Bergen,2020,4.2,6158,103720,4.7%,78%
Carneys Point township,Salem,2015,17.7,7919,53474,12.4%,90%
Carneys Point township,Salem,2020,17.7,7722,58235,12.8%,94%
Carteret borough,Middlesex,2015,4.5,23965,67068,15.1%,86%
Carteret borough,Middlesex,2020,4.5,23501,76276,12.4%,85%
Cedar Grove township,Essex,2015,4.4,12529,101779,5.0%,87%
Cedar Grove township,Essex,2020,4.4,12593,146432,1.9%,77%
Chatham borough,Morris,2015,2.4,9011,142765,2.4%,65%
Chatham borough,Morris,2020,2.4,8729,201923,0.9%,62%
Chatham township,Morris,2015,9.3,10569,151216,2.1%,74%
Chatham township,Morris,2020,9.3,10216,202000,1.8%,69%
Cherry Hill township,Camden,2015,24.2,70989,92185,5.2%,86%
Cherry Hill township,Camden,2020,24.2,71237,101477,6.1%,81%
Chesilhurst borough,Camden,2015,1.7,1662,53516,17.1%,88%
Chesilhurst borough,Camden,2020,1.7,1440,71875,15.1%,93%
Chester borough,Morris,2015,1.6,1612,97250,3.8%,75%
Chester borough,Morris,2020,1.6,1514,105938,9.1%,83%
Chester township,Morris,2015,29.2,7942,154094,2.9%,84%
Chester township,Morris,2020,29.2,7734,184500,2.2%,83%
Chesterfield township,Burlington,2015,21.5,7704,120515,0.9%,82%
Chesterfield township,Burlington,2020,21.5,7484,149934,2.4%,78%
Cinnaminson township,Burlington,2015,8.0,16441,90286,5.3%,87%
Cinnaminson township,Burlington,2020,8.0,16429,116052,3.2%,88%
City of Orange township,Essex,2015,2.2,30373,33233,25.5%,67%
City of Orange township,Essex,2020,2.2,30570,43422,21.9%,63%
Clark township,Union,2015,4.5,15144,90956,3.7%,90%
Clark township,Union,2020,4.5,15847,106691,4.1%,84%
Clayton borough,Gloucester,2015,7.3,8292,63628,9.1%,92%
Clayton borough,Gloucester,2020,7.3,8688,92824,8.3%,87%
Clementon borough,Camden,2015,2.0,4968,52661,18.6%,90%
Clementon borough,Camden,2020,2.0,4939,46563,14.3%,96%
Cliffside Park borough,Bergen,2015,1.0,24493,60979,12.5%,62%
Cliffside Park borough,Bergen,2020,1.0,25410,83989,11.3%,60%
Clifton city,Passaic,2015,11.4,85552,67992,9.1%,82%
Clifton city,Passaic,2020,11.4,85201,83086,8.6%,84%
Clinton town,Hunterdon,2015,1.4,2681,101422,7.3%,81%
Clinton town,Hunterdon,2020,1.4,2699,114688,4.3%,82%
Clinton township,Hunterdon,2015,33.9,13187,123147,2.8%,87%
Clinton township,Hunterdon,2020,33.9,12909,145824,2.9%,83%
Closter borough,Bergen,2015,3.3,8582,124023,2.5%,81%
Closter borough,Bergen,2020,3.3,8551,143947,3.8%,74%
Collingswood borough,Camden,2015,1.9,13925,60777,5.8%,83%
Collingswood borough,Camden,2020,1.9,13882,68663,10.7%,72%
Colts Neck township,Monmouth,2015,31.8,10075,160000,5.9%,81%
Colts Neck township,Monmouth,2020,31.8,9863,176591,3.6%,77%
Commercial township,Cumberland,2015,33.9,5143,46195,22.0%,91%
Commercial township,Cumberland,2020,33.9,4936,45931,18.0%,92%
Corbin City city,Atlantic,2015,9.0,482,56875,10.4%,94%
Corbin City city,Atlantic,2020,9.0,704,73561,13.4%,98%
Cranbury township,Middlesex,2015,13.4,3781,128750,1.0%,76%
Cranbury township,Middlesex,2020,13.4,3912,175568,1.9%,70%
Cranford township,Union,2015,4.9,23328,115201,2.1%,84%
Cranford township,Union,2020,4.9,24036,132539,2.7%,72%
Cresskill borough,Bergen,2015,2.1,8729,110156,3.5%,85%
Cresskill borough,Bergen,2020,2.1,8701,141706,3.2%,76%
Deal borough,Monmouth,2015,1.2,757,80714,8.6%,84%
Deal borough,Monmouth,2020,1.2,528,57250,25.4%,88%
Deerfield township,Cumberland,2015,16.9,3118,67012,8.6%,97%
Deerfield township,Cumberland,2020,16.9,3028,66597,7.2%,90%
Delanco township,Burlington,2015,3.3,4542,67153,4.5%,87%
Delanco township,Burlington,2020,3.3,4448,76518,6.8%,87%
Delaware township,Hunterdon,2015,37.0,4516,104643,2.3%,85%
Delaware township,Hunterdon,2020,37.0,4443,137373,4.6%,86%
Delran township,Burlington,2015,7.2,16856,90512,4.9%,93%
Delran township,Burlington,2020,7.2,16502,85403,5.2%,90%
Demarest borough,Bergen,2015,2.1,5004,163571,2.0%,81%
Demarest borough,Bergen,2020,2.1,4911,153558,2.6%,75%
Dennis township,Cape May,2015,63.8,6378,66727,12.8%,94%
Dennis township,Cape May,2020,63.8,6168,97526,5.0%,94%
Denville township,Morris,2015,12.7,16820,104815,1.8%,91%
Denville township,Morris,2020,12.7,16536,144685,4.7%,84%
Deptford township,Gloucester,2015,17.6,30538,64705,9.9%,94%
Deptford township,Gloucester,2020,17.6,30433,79707,6.9%,91%
Dover town,Morris,2015,2.7,18324,60822,7.6%,84%
Dover town,Morris,2020,2.7,17866,64039,10.3%,85%
Downe township,Cumberland,2015,53.2,1493,45333,10.4%,97%
Downe township,Cumberland,2020,53.2,1183,52837,13.9%,96%
Dumont borough,Bergen,2015,2.0,17820,93074,3.4%,85%
Dumont borough,Bergen,2020,2.0,17598,107172,5.1%,82%
Dunellen borough,Middlesex,2015,1.1,7368,77099,8.0%,83%
Dunellen borough,Middlesex,2020,1.1,7215,75564,15.4%,83%
Eagleswood township,Ocean,2015,18.9,1556,85000,1.7%,91%
Eagleswood township,Ocean,2020,18.9,1558,76824,3.2%,93%
East Amwell township,Hunterdon,2015,28.6,3957,97031,5.1%,85%
East Amwell township,Hunterdon,2020,28.6,3877,130260,1.3%,86%
East Brunswick township,Middlesex,2015,22.4,48426,98658,6.4%,81%
East Brunswick township,Middlesex,2020,22.4,47928,122878,4.2%,76%
East Greenwich township,Gloucester,2015,14.9,10193,113421,7.1%,95%
East Greenwich township,Gloucester,2020,14.9,10619,114848,2.7%,84%
East Hanover township,Morris,2015,8.1,11248,102165,6.4%,89%
East Hanover township,Morris,2020,8.1,11009,127977,1.0%,86%
East Newark borough,Hudson,2015,0.1,2577,49375,19.9%,52%
East Newark borough,Hudson,2020,0.1,2634,60833,15.4%,53%
East Orange city,Essex,2015,3.9,64578,36921,21.1%,66%
East Orange city,Essex,2020,3.9,64650,50990,18.2%,64%
East Rutherford borough,Bergen,2015,4.0,9076,78680,10.1%,78%
East Rutherford borough,Bergen,2020,4.0,9707,76777,5.2%,73%
East Windsor township,Mercer,2015,15.7,27501,82700,9.5%,83%
East Windsor township,Mercer,2020,15.7,27275,94962,7.5%,80%
Eastampton township,Burlington,2015,5.8,6032,70814,2.7%,94%
Eastampton township,Burlington,2020,5.8,6015,92948,5.8%,86%
Eatontown borough,Monmouth,2015,5.9,12298,64149,9.2%,91%
Eatontown borough,Monmouth,2020,5.9,12195,79321,9.3%,89%
Edgewater borough,Bergen,2015,1.0,11935,101767,9.8%,49%
Edgewater borough,Bergen,2020,1.0,12890,130267,5.0%,44%
Edgewater Park township,Burlington,2015,3.1,8848,62475,8.5%,92%
Edgewater Park township,Burlington,2020,3.1,8670,59085,15.2%,88%
Edison township,Middlesex,2015,30.6,101865,90515,5.1%,79%
Edison township,Middlesex,2020,30.6,99876,102913,5.9%,76%
Egg Harbor City city,Atlantic,2015,11.4,4246,43235,15.7%,93%
Egg Harbor City city,Atlantic,2020,11.4,4072,46917,19.3%,84%
Egg Harbor township,Atlantic,2015,75.5,43860,74409,9.5%,93%
Egg Harbor township,Atlantic,2020,75.5,42460,81593,9.4%,90%
Elizabeth city,Union,2015,13.9,127759,43568,19.0%,68%
Elizabeth city,Union,2020,13.9,128484,50647,15.2%,72%
Elk township,Gloucester,2015,19.3,4180,67321,7.5%,92%
Elk township,Gloucester,2020,19.3,4163,116298,7.5%,94%
Elmer borough,Salem,2015,0.9,1460,72411,11.7%,88%
Elmer borough,Salem,2020,0.9,1333,82500,4.1%,91%
Elmwood Park borough,Bergen,2015,2.7,19959,71852,9.5%,86%
Elmwood Park borough,Bergen,2020,2.7,20019,75779,9.4%,84%
Elsinboro township,Salem,2015,13.2,1040,66094,10.7%,97%
Elsinboro township,Salem,2020,13.2,931,85833,7.4%,93%
Emerson borough,Bergen,2015,2.4,7616,102500,7.8%,77%
Emerson borough,Bergen,2020,2.4,7606,129289,3.3%,77%
Englewood city,Bergen,2015,4.9,27992,75074,11.5%,70%
Englewood city,Bergen,2020,4.9,28390,86485,10.1%,70%
Englewood Cliffs borough,Bergen,2015,2.1,5369,140605,3.5%,78%
Englewood Cliffs borough,Bergen,2020,2.1,5349,158042,2.7%,77%
Englishtown borough,Monmouth,2015,0.6,2186,83317,4.7%,89%
Englishtown borough,Monmouth,2020,0.6,1999,84091,12.9%,84%
Essex Fells borough,Essex,2015,1.4,2153,172386,1.6%,81%
Essex Fells borough,Essex,2020,1.4,2037,215104,1.8%,71%
Estell Manor city,Atlantic,2015,55.2,1728,78750,5.1%,91%
Estell Manor city,Atlantic,2020,55.2,1682,100938,2.3%,95%
Evesham township,Burlington,2015,29.6,45664,90797,5.3%,91%
Evesham township,Burlington,2020,29.6,45138,99454,3.0%,86%
Ewing township,Mercer,2015,15.6,36379,77464,11.3%,87%
Ewing township,Mercer,2020,15.6,36150,74795,10.0%,86%
Fair Haven borough,Monmouth,2015,2.1,6075,157344,0.9%,74%
Fair Haven borough,Monmouth,2020,2.1,5833,184201,3.0%,65%
Fair Lawn borough,Bergen,2015,5.2,33164,99536,5.1%,78%
Fair Lawn borough,Bergen,2020,5.2,32986,129965,4.9%,73%
Fairfield township,Cumberland,2015,43.5,6476,50154,13.7%,91%
Fairfield township,Cumberland,2020,43.5,5975,54102,11.6%,90%
Fairfield township,Essex,2015,10.3,7556,106691,0.3%,90%
Fairfield township,Essex,2020,10.3,7563,96429,4.6%,82%
Fairview borough,Bergen,2015,0.8,14233,53846,17.2%,58%
Fairview borough,Bergen,2020,0.8,14218,58072,11.5%,73%
Fanwood borough,Union,2015,1.3,7479,111905,0.8%,84%
Fanwood borough,Union,2020,1.3,7686,171023,2.6%,68%
Far Hills borough,Somerset,2015,4.9,1052,103333,4.3%,83%
Far Hills borough,Somerset,2020,4.9,915,124219,6.5%,80%
Farmingdale borough,Monmouth,2015,0.5,1434,61101,14.7%,94%
Farmingdale borough,Monmouth,2020,0.5,1307,77917,7.1%,94%
Fieldsboro borough,Burlington,2015,0.4,624,74375,6.0%,90%
Fieldsboro borough,Burlington,2020,0.4,761,77132,4.8%,91%
Flemington borough,Hunterdon,2015,1.1,4676,50333,17.5%,83%
Flemington borough,Hunterdon,2020,1.1,4601,73500,13.5%,71%
Florence township,Burlington,2015,10.2,12586,78709,4.7%,92%
Florence township,Burlington,2020,10.2,12535,95128,5.6%,88%
Florham Park borough,Morris,2015,7.5,11802,103916,5.8%,76%
Florham Park borough,Morris,2020,7.5,11719,121200,8.1%,69%
Folsom borough,Atlantic,2015,8.5,1891,66250,6.4%,94%
Folsom borough,Atlantic,2020,8.5,1610,101250,9.2%,92%
Fort Lee borough,Bergen,2015,2.5,36251,70415,9.8%,65%
Fort Lee borough,Bergen,2020,2.5,37843,88457,9.4%,59%
Frankford township,Sussex,2015,35.3,5490,89891,3.9%,91%
Frankford township,Sussex,2020,35.3,5312,92005,6.7%,90%
Franklin borough,Sussex,2015,4.4,4944,57599,8.9%,92%
Franklin borough,Sussex,2020,4.4,4737,77672,7.2%,94%
Franklin Lakes borough,Bergen,2015,9.9,10799,156146,3.1%,84%
Franklin Lakes borough,Bergen,2020,9.9,11044,178794,1.1%,74%
Franklin township,Gloucester,2015,56.4,16698,77739,7.8%,95%
Franklin township,Gloucester,2020,56.4,16415,82465,7.0%,93%
Franklin township,Hunterdon,2015,23.2,3235,96591,3.0%,88%
Franklin township,Hunterdon,2020,23.2,3404,128214,1.9%,80%
Franklin township,Somerset,2015,46.9,64779,90949,5.3%,86%
Franklin township,Somerset,2020,46.9,65773,93567,7.4%,80%
Franklin township,Warren,2015,23.5,3118,89420,2.3%,92%
Franklin township,Warren,2020,23.5,3038,100254,3.0%,84%
Fredon township,Sussex,2015,17.9,3315,100368,7.0%,83%
Fredon township,Sussex,2020,17.9,3172,135074,6.7%,83%
Freehold borough,Monmouth,2015,1.9,11978,54595,15.6%,80%
Freehold borough,Monmouth,2020,1.9,11755,60038,16.2%,74%
Freehold township,Monmouth,2015,38.9,35936,100759,4.6%,87%
Freehold township,Monmouth,2020,38.9,34814,115210,3.7%,84%
Frelinghuysen township,Warren,2015,23.9,2479,100625,3.5%,91%
Frelinghuysen township,Warren,2020,23.9,2085,106447,6.8%,84%
Frenchtown borough,Hunterdon,2015,1.2,1444,77396,7.4%,82%
Frenchtown borough,Hunterdon,2020,1.2,1366,79583,6.9%,74%
Galloway township,Atlantic,2015,111.3,37431,61530,8.2%,91%
Galloway township,Atlantic,2020,111.3,35816,76888,6.4%,91%
Garfield city,Bergen,2015,2.2,31265,45469,16.3%,82%
Garfield city,Bergen,2020,2.2,31722,64242,14.5%,80%
Garwood borough,Union,2015,0.6,4306,73924,2.3%,79%
Garwood borough,Union,2020,0.6,4341,90732,5.8%,79%
Gibbsboro borough,Camden,2015,2.2,2236,82944,4.6%,91%
Gibbsboro borough,Camden,2020,2.2,2238,82865,6.2%,86%
Glassboro borough,Gloucester,2015,9.4,18958,64246,19.5%,86%
Glassboro borough,Gloucester,2020,9.4,20069,72103,22.5%,84%
Glen Gardner borough,Hunterdon,2015,1.5,1560,61917,7.0%,93%
Glen Gardner borough,Hunterdon,2020,1.5,1554,74083,4.9%,88%
Glen Ridge borough,Essex,2015,1.3,7607,170433,1.1%,57%
Glen Ridge borough,Essex,2020,1.3,7583,211091,5.2%,51%
Glen Rock borough,Bergen,2015,2.7,11859,155221,2.0%,77%
Glen Rock borough,Bergen,2020,2.7,11747,178607,2.7%,59%
Gloucester City city,Camden,2015,2.8,11386,50615,9.6%,88%
Gloucester City city,Camden,2020,2.8,11229,59984,14.1%,89%
Gloucester township,Camden,2015,23.3,64219,71963,8.7%,90%
Gloucester township,Camden,2020,23.3,63777,83562,6.3%,86%
Green Brook township,Somerset,2015,4.4,7155,130053,5.9%,84%
Green Brook township,Somerset,2020,4.4,6927,168098,6.7%,88%
Green township,Sussex,2015,16.3,3539,119286,2.0%,83%
Green township,Sussex,2020,16.3,3482,147722,5.5%,95%
Greenwich township,Cumberland,2015,18.5,960,66667,7.5%,96%
Greenwich township,Cumberland,2020,18.5,457,79750,3.5%,97%
Greenwich township,Gloucester,2015,11.7,4869,64652,7.8%,97%
Greenwich township,Gloucester,2020,11.7,4816,76648,9.1%,92%
Greenwich township,Warren,2015,10.6,5580,111094,3.2%,83%
Greenwich township,Warren,2020,10.6,5473,137152,2.0%,87%
Guttenberg town,Hudson,2015,0.2,11595,56837,15.4%,39%
Guttenberg town,Hudson,2020,0.2,11284,63189,13.5%,47%
Hackensack city,Bergen,2015,4.3,44035,55289,15.8%,71%
Hackensack city,Bergen,2020,4.3,44266,71079,12.3%,69%
Hackettstown town,Warren,2015,3.7,9579,64464,10.9%,86%
Hackettstown town,Warren,2020,3.7,9440,79798,11.5%,89%
Haddon Heights borough,Camden,2015,1.6,7497,88162,3.5%,85%
Haddon Heights borough,Camden,2020,1.6,7520,97955,4.9%,77%
Haddon township,Camden,2015,2.8,14592,82621,4.5%,80%
Haddon township,Camden,2020,2.8,14562,95296,5.3%,81%
Haddonfield borough,Camden,2015,2.8,11474,128440,2.8%,80%
Haddonfield borough,Camden,2020,2.8,11342,151579,2.2%,74%
Hainesport township,Burlington,2015,6.8,6097,90331,5.4%,93%
Hainesport township,Burlington,2020,6.8,6009,109013,5.2%,86%
Haledon borough,Passaic,2015,1.2,8412,64024,12.9%,92%
Haledon borough,Passaic,2020,1.2,8298,72635,7.6%,84%
Hamburg borough,Sussex,2015,1.2,3209,75179,6.6%,96%
Hamburg borough,Sussex,2020,1.2,3149,75182,5.3%,91%
Hamilton township,Atlantic,2015,112.9,26861,60838,11.8%,92%
Hamilton township,Atlantic,2020,112.9,25856,73333,8.3%,93%
Hamilton township,Mercer,2015,40.3,89055,70996,7.0%,91%
Hamilton township,Mercer,2020,40.3,87258,81356,7.0%,90%
Hammonton town,Atlantic,2015,41.3,14735,62798,10.5%,86%
Hammonton town,Atlantic,2020,41.3,14046,72184,12.4%,88%
Hampton borough,Hunterdon,2015,1.5,1213,72045,5.5%,99%
Hampton borough,Hunterdon,2020,1.5,1182,67411,10.4%,91%
Hampton township,Sussex,2015,25.5,5056,76127,4.0%,90%
Hampton township,Sussex,2020,25.5,4865,88388,6.7%,87%
Hanover township,Morris,2015,10.7,14174,113816,2.8%,93%
Hanover township,Morris,2020,10.7,14371,125762,2.3%,89%
Harding township,Morris,2015,20.6,3895,171331,3.3%,83%
Harding township,Morris,2020,20.6,3794,141197,4.6%,74%
Hardwick township,Warren,2015,39.0,1460,105556,6.0%,89%
Hardwick township,Warren,2020,39.0,1519,95625,11.4%,88%
Hardyston township,Sussex,2015,32.6,8098,94665,2.5%,89%
Hardyston township,Sussex,2020,32.6,7815,105767,4.5%,89%
Harmony township,Warren,2015,24.1,2592,81146,4.8%,95%
Harmony township,Warren,2020,24.1,2703,80455,8.4%,91%
Harrington Park borough,Bergen,2015,2.1,4764,128088,4.9%,80%
Harrington Park borough,Bergen,2020,2.1,4735,135750,7.7%,79%
Harrison town,Hudson,2015,1.3,14629,56713,13.8%,52%
Harrison town,Hudson,2020,1.3,18313,66699,15.6%,45%
Harrison township,Gloucester,2015,19.0,12742,127975,2.8%,91%
Harrison township,Gloucester,2020,19.0,13049,147662,2.3%,85%
Harvey Cedars borough,Ocean,2015,1.3,416,69167,6.3%,73%
Harvey Cedars borough,Ocean,2020,1.3,452,99500,6.6%,76%
Hasbrouck Heights borough,Bergen,2015,1.5,12100,81460,6.0%,84%
Hasbrouck Heights borough,Bergen,2020,1.5,12026,95784,9.5%,75%
Haworth borough,Bergen,2015,2.3,3451,160526,0.9%,73%
Haworth borough,Bergen,2020,2.3,3400,181500,2.3%,69%
Hawthorne borough,Passaic,2015,3.4,18989,82532,5.3%,89%
Hawthorne borough,Passaic,2020,3.4,18762,103586,4.6%,89%
Hazlet township,Monmouth,2015,5.7,20185,84871,5.7%,84%
Hazlet township,Monmouth,2020,5.7,19793,105479,3.7%,87%
Helmetta borough,Middlesex,2015,0.9,2350,74554,4.9%,88%
Helmetta borough,Middlesex,2020,0.9,2232,94116,2.3%,95%
High Bridge borough,Hunterdon,2015,2.4,3581,81250,2.7%,88%
High Bridge borough,Hunterdon,2020,2.4,3460,96029,14.1%,90%
Highland Park borough,Middlesex,2015,1.8,14263,68837,11.1%,74%
Highland Park borough,Middlesex,2020,1.8,13803,83980,8.1%,72%
Highlands borough,Monmouth,2015,0.9,4947,62770,12.1%,74%
Highlands borough,Monmouth,2020,0.9,4746,76263,5.3%,73%
Hightstown borough,Mercer,2015,1.3,5529,71174,6.5%,76%
Hightstown borough,Mercer,2020,1.3,5334,86291,6.9%,84%
Hillsborough township,Somerset,2015,55.1,39378,112788,3.6%,90%
Hillsborough township,Somerset,2020,55.1,39760,139313,2.1%,85%
Hillsdale borough,Bergen,2015,2.9,10452,108224,8.2%,77%
Hillsdale borough,Bergen,2020,2.9,10317,155762,3.7%,76%
Hillside township,Union,2015,2.8,21779,59939,11.5%,80%
Hillside township,Union,2020,2.8,21955,78779,9.4%,80%
Hi-Nella borough,Camden,2015,0.2,831,47589,13.8%,87%
Hi-Nella borough,Camden,2020,0.2,1018,57875,7.7%,97%
Hoboken city,Hudson,2015,1.2,52452,114381,10.8%,30%
Hoboken city,Hudson,2020,1.2,53283,153438,7.0%,23%
Ho-Ho-Kus borough,Bergen,2015,1.8,4132,162386,0.2%,70%
Ho-Ho-Kus borough,Bergen,2020,1.8,4096,230682,0.1%,59%
Holland township,Hunterdon,2015,23.9,5195,88125,2.8%,94%
Holland township,Hunterdon,2020,23.9,5115,105357,1.8%,86%
Holmdel township,Monmouth,2015,18.1,16684,136525,3.3%,73%
Holmdel township,Monmouth,2020,18.1,16652,140709,4.2%,80%
Hopatcong borough,Sussex,2015,12.4,14802,76875,6.6%,94%
Hopatcong borough,Sussex,2020,12.4,14228,97679,1.9%,89%
Hope township,Warren,2015,18.3,1882,89792,4.6%,88%
Hope township,Warren,2020,18.3,1897,97955,4.7%,91%
Hopewell borough,Mercer,2015,0.7,1845,101316,1.7%,85%
Hopewell borough,Mercer,2020,0.7,1857,121215,4.7%,73%
Hopewell township,Cumberland,2015,30.9,4505,66326,7.6%,94%
Hopewell township,Cumberland,2020,30.9,4354,82197,5.1%,93%
Hopewell township,Mercer,2015,58.9,18414,141003,1.9%,84%
Hopewell township,Mercer,2020,58.9,17967,137675,2.9%,78%
Howell township,Monmouth,2015,61.2,51597,93733,4.3%,91%
Howell township,Monmouth,2020,61.2,52053,110021,5.8%,85%
Independence township,Warren,2015,20.0,5555,79301,3.9%,93%
Independence township,Warren,2020,20.0,5438,93574,6.1%,93%
Interlaken borough,Monmouth,2015,0.4,795,135938,1.1%,79%
Interlaken borough,Monmouth,2020,0.4,747,123750,5.1%,74%
Irvington township,Essex,2015,2.9,54320,36782,23.7%,70%
Irvington township,Essex,2020,2.9,54220,44898,17.9%,70%
Island Heights borough,Ocean,2015,0.9,1640,78147,8.2%,92%
Island Heights borough,Ocean,2020,0.9,1480,90789,0.1%,86%
Jackson township,Ocean,2015,100.6,55851,84871,4.4%,90%
Jackson township,Ocean,2020,100.6,57389,98812,5.6%,90%
Jamesburg borough,Middlesex,2015,0.9,5978,70787,11.1%,75%
Jamesburg borough,Middlesex,2020,0.9,5876,87551,6.1%,82%
Jefferson township,Morris,2015,42.7,21465,94662,6.8%,91%
Jefferson township,Morris,2020,42.7,20912,109880,5.5%,90%
Jersey City city,Hudson,2015,15.9,259651,59537,19.3%,39%
Jersey City city,Hudson,2020,15.9,262652,76444,15.7%,36%
Keansburg borough,Monmouth,2015,1.2,9967,47686,16.2%,84%
Keansburg borough,Monmouth,2020,1.2,9697,74208,21.3%,83%
Kearny town,Hudson,2015,10.2,41866,60015,12.0%,76%
Kearny town,Hudson,2020,10.2,41190,73554,9.2%,77%
Kenilworth borough,Union,2015,2.2,8104,97279,2.2%,90%
Kenilworth borough,Union,2020,2.2,8182,95590,13.9%,89%
Keyport borough,Monmouth,2015,1.4,7195,54522,10.2%,79%
Keyport borough,Monmouth,2020,1.4,7005,61838,10.1%,83%
Kingwood township,Hunterdon,2015,35.6,3800,113306,1.6%,89%
Kingwood township,Hunterdon,2020,35.6,3749,143240,0.9%,83%
Kinnelon borough,Morris,2015,19.2,10372,140265,2.7%,88%
Kinnelon borough,Morris,2020,19.2,9988,149375,1.3%,85%
Knowlton township,Warren,2015,25.4,2997,88259,4.6%,92%
Knowlton township,Warren,2020,25.4,2941,93092,2.3%,86%
Lacey township,Ocean,2015,99.7,28105,71714,8.9%,94%
Lacey township,Ocean,2020,99.7,29076,86384,6.1%,90%
Lafayette township,Sussex,2015,18.0,2350,94712,5.2%,89%
Lafayette township,Sussex,2020,18.0,2238,104150,6.9%,91%
Lake Como borough,Monmouth,2015,0.3,1489,62663,14.1%,92%
Lake Como borough,Monmouth,2020,0.3,1655,76204,9.6%,84%
Lakehurst borough,Ocean,2015,1.0,2669,66078,11.7%,93%
Lakehurst borough,Ocean,2020,1.0,2707,70145,7.6%,86%
Lakewood township,Ocean,2015,25.1,96575,40983,32.1%,75%
Lakewood township,Ocean,2020,25.1,104186,52530,25.0%,82%
Lambertville city,Hunterdon,2015,1.2,3851,79444,4.5%,79%
Lambertville city,Hunterdon,2020,1.2,3809,105744,6.8%,85%
Laurel Springs borough,Camden,2015,0.5,1923,81250,7.3%,85%
Laurel Springs borough,Camden,2020,0.5,1908,93875,5.7%,87%
Lavallette borough,Ocean,2015,1.0,2108,61989,7.2%,84%
Lavallette borough,Ocean,2020,1.0,2171,90139,3.1%,86%
Lawnside borough,Camden,2015,1.4,2926,59279,15.9%,85%
Lawnside borough,Camden,2020,1.4,2883,70227,11.2%,77%
Lawrence township,Cumberland,2015,38.3,3253,65917,16.4%,91%
Lawrence township,Cumberland,2020,38.3,3099,76310,12.6%,94%
Lawrence township,Mercer,2015,22.0,33357,86301,6.0%,83%
Lawrence township,Mercer,2020,22.0,32551,110215,5.4%,77%
Lebanon borough,Hunterdon,2015,0.9,1836,86620,6.6%,88%
Lebanon borough,Hunterdon,2020,0.9,2040,86250,4.6%,75%
Lebanon township,Hunterdon,2015,31.7,6448,106156,3.0%,89%
Lebanon township,Hunterdon,2020,31.7,6106,121321,2.0%,87%
Leonia borough,Bergen,2015,1.6,9129,86107,11.6%,67%
Leonia borough,Bergen,2020,1.6,9059,96468,3.3%,73%
Liberty township,Warren,2015,11.9,2878,93833,6.8%,95%
Liberty township,Warren,2020,11.9,2826,99861,8.8%,95%
Lincoln Park borough,Morris,2015,6.9,10478,81956,3.4%,93%
Lincoln Park borough,Morris,2020,6.9,10220,100248,2.8%,90%
Linden city,Union,2015,11.1,41322,63250,9.4%,85%
Linden city,Union,2020,11.1,42332,75084,8.1%,85%
Lindenwold borough,Camden,2015,3.9,17492,38906,17.6%,82%
Lindenwold borough,Camden,2020,3.9,17288,46077,16.4%,85%
Linwood city,Atlantic,2015,4.4,7036,82419,3.0%,92%
Linwood city,Atlantic,2020,4.4,6719,116058,2.6%,90%
Little Egg Harbor township,Ocean,2015,74.0,20383,60014,8.2%,92%
Little Egg Harbor township,Ocean,2020,74.0,21418,67031,10.1%,91%
Little Falls township,Passaic,2015,2.9,14551,73256,6.4%,81%
Little Falls township,Passaic,2020,2.9,14487,101406,4.4%,78%
Little Ferry borough,Bergen,2015,1.7,10856,67357,9.8%,77%
Little Ferry borough,Bergen,2020,1.7,10761,69224,7.4%,79%
Little Silver borough,Monmouth,2015,3.2,5937,136818,3.5%,67%
Little Silver borough,Monmouth,2020,3.2,5817,202875,1.2%,70%
Livingston township,Essex,2015,14.1,29674,143203,2.8%,86%
Livingston township,Essex,2020,14.1,30059,168120,2.4%,72%
Loch Arbour village,Monmouth,2015,0.1,189,112500,0.5%,69%
Loch Arbour village,Monmouth,2020,0.1,217,116250,10.6%,80%
Lodi borough,Bergen,2015,2.3,24590,50774,14.9%,85%
Lodi borough,Bergen,2020,2.3,24389,64249,11.6%,80%
Logan township,Gloucester,2015,26.3,6008,87200,6.1%,92%
Logan township,Gloucester,2020,26.3,5907,126553,2.4%,91%
Long Beach township,Ocean,2015,23.5,3028,80096,8.5%,85%
Long Beach township,Ocean,2020,23.5,3074,90523,6.7%,69%
Long Branch city,Monmouth,2015,5.5,30721,48327,18.7%,83%
Long Branch city,Monmouth,2020,5.5,30424,62027,18.2%,80%
Long Hill township,Morris,2015,12.1,8770,111500,2.8%,81%
Long Hill township,Morris,2020,12.1,8519,136542,4.4%,83%
Longport borough,Atlantic,2015,0.6,999,86484,3.4%,87%
Longport borough,Atlantic,2020,0.6,803,107813,4.7%,73%
Lopatcong township,Warren,2015,7.4,8183,73734,8.4%,92%
Lopatcong township,Warren,2020,7.4,8354,93750,10.2%,91%
Lower Alloways Creek township,Salem,2015,47.9,1649,72250,9.3%,96%
Lower Alloways Creek township,Salem,2020,47.9,1729,77292,5.3%,94%
Lower township,Cape May,2015,31.0,22393,54455,10.5%,91%
Lower township,Cape May,2020,31.0,21515,64632,11.5%,92%
Lumberton township,Burlington,2015,13.0,12486,84190,7.3%,93%
Lumberton township,Burlington,2020,13.0,12228,108810,5.1%,84%
Lyndhurst township,Bergen,2015,5.0,21318,70344,8.8%,80%
Lyndhurst township,Bergen,2020,5.0,22453,90181,8.0%,76%
Madison borough,Morris,2015,4.3,16091,110040,5.7%,75%
Madison borough,Morris,2020,4.3,16647,157188,4.4%,67%
Magnolia borough,Camden,2015,1.0,4314,57883,12.8%,85%
Magnolia borough,Camden,2020,1.0,4280,66117,9.2%,85%
Mahwah township,Bergen,2015,25.9,26368,107336,2.5%,81%
Mahwah township,Bergen,2020,25.9,26225,101405,4.4%,79%
Manalapan township,Monmouth,2015,30.9,39778,107569,3.8%,83%
Manalapan township,Monmouth,2020,30.9,39577,130663,3.1%,80%
Manasquan borough,Monmouth,2015,1.6,5830,93200,5.9%,78%
Manasquan borough,Monmouth,2020,1.6,5837,116435,2.7%,80%
Manchester township,Ocean,2015,82.4,43251,40154,8.3%,94%
Manchester township,Ocean,2020,82.4,43649,46591,7.4%,91%
Mannington township,Salem,2015,37.9,1775,72917,12.1%,89%
Mannington township,Salem,2020,37.9,1854,105278,10.4%,84%
Mansfield township,Burlington,2015,21.9,8571,92594,1.6%,95%
Mansfield township,Burlington,2020,21.9,8543,93036,3.1%,86%
Mansfield township,Warren,2015,29.7,7552,59850,6.6%,91%
Mansfield township,Warren,2020,29.7,7382,88605,4.5%,91%
Mantoloking borough,Ocean,2015,0.6,340,126250,2.5%,64%
Mantoloking borough,Ocean,2020,0.6,474,146250,3.1%,58%
Mantua township,Gloucester,2015,16.1,15113,82673,5.4%,93%
Mantua township,Gloucester,2020,16.1,14909,99945,4.4%,92%
Manville borough,Somerset,2015,2.4,10454,64514,9.9%,95%
Manville borough,Somerset,2020,2.4,10193,72615,10.7%,86%
Maple Shade township,Burlington,2015,3.8,19042,57977,8.9%,90%
Maple Shade township,Burlington,2020,3.8,18590,64666,8.2%,92%
Maplewood township,Essex,2015,3.9,24303,118242,5.1%,61%
Maplewood township,Essex,2020,3.9,25135,149568,4.4%,56%
Margate City city,Atlantic,2015,1.6,6304,67138,9.2%,89%
Margate City city,Atlantic,2020,1.6,5921,101354,5.1%,85%
Marlboro township,Monmouth,2015,30.4,40603,137805,1.5%,78%
Marlboro township,Monmouth,2020,30.4,39877,157293,2.2%,70%
Matawan borough,Monmouth,2015,2.4,8887,81420,7.7%,81%
Matawan borough,Monmouth,2020,2.4,8696,108247,7.4%,81%
Maurice River township,Cumberland,2015,95.2,7905,63333,5.5%,96%
Maurice River township,Cumberland,2020,95.2,7157,73203,13.1%,96%
Maywood borough,Bergen,2015,1.3,9694,81339,5.7%,80%
Maywood borough,Bergen,2020,1.3,9626,98511,5.7%,80%
Medford Lakes borough,Burlington,2015,1.3,4124,100024,0.6%,87%
Medford Lakes borough,Burlington,2020,1.3,3961,126154,1.2%,87%
Medford township,Burlington,2015,39.8,23274,109015,3.0%,87%
Medford township,Burlington,2020,39.8,23346,133796,3.0%,84%
Mendham borough,Morris,2015,6.0,5016,129853,3.1%,86%
Mendham borough,Morris,2020,6.0,4880,171894,1.8%,80%
Mendham township,Morris,2015,18.0,5885,170160,5.9%,79%
Mendham township,Morris,2020,18.0,5722,197950,2.0%,79%
Merchantville borough,Camden,2015,0.6,3793,69833,5.1%,86%
Merchantville borough,Camden,2020,0.6,3702,81688,15.0%,79%
Metuchen borough,Middlesex,2015,2.8,13765,112971,2.8%,71%
Metuchen borough,Middlesex,2020,2.8,14289,136067,3.3%,64%
Middle township,Cape May,2015,82.7,18813,62887,8.2%,91%
Middle township,Cape May,2020,82.7,18400,71321,11.8%,92%
Middlesex borough,Middlesex,2015,3.5,13831,79327,2.5%,89%
Middlesex borough,Middlesex,2020,3.5,13606,84216,10.1%,88%
Middletown township,Monmouth,2015,43.5,66291,102474,4.5%,82%
Middletown township,Monmouth,2020,43.5,65316,119013,3.7%,79%
Midland Park borough,Bergen,2015,1.6,7269,89130,5.5%,81%
Midland Park borough,Bergen,2020,1.6,7230,121607,1.5%,80%
Milford borough,Hunterdon,2015,1.3,1123,78681,5.3%,89%
Milford borough,Hunterdon,2020,1.3,1285,93929,3.8%,89%
Millburn township,Essex,2015,9.9,20183,184783,2.7%,62%
Millburn township,Essex,2020,9.9,20174,"250,000",3.5%,46%
Millstone borough,Somerset,2015,0.7,487,103000,2.7%,88%
Millstone borough,Somerset,2020,0.7,573,164063,3.5%,92%
Millstone township,Monmouth,2015,37.2,10509,130109,4.6%,83%
Millstone township,Monmouth,2020,37.2,10418,177500,3.8%,84%
Milltown borough,Middlesex,2015,1.6,6989,101685,9.3%,87%
Milltown borough,Middlesex,2020,1.6,6973,105540,0.6%,87%
Millville city,Cumberland,2015,44.5,28515,49133,17.5%,95%
Millville city,Cumberland,2020,44.5,27485,63182,13.3%,94%
Mine Hill township,Morris,2015,3.0,3649,95000,5.0%,94%
Mine Hill township,Morris,2020,3.0,3511,95516,6.9%,86%
Monmouth Beach borough,Monmouth,2015,2.0,3258,103287,5.6%,84%
Monmouth Beach borough,Monmouth,2020,2.0,3226,111415,2.9%,68%
Monroe township,Gloucester ,2015,46.9,36665,74212,7.1%,94%
Monroe township,Gloucester ,2020,46.9,36861,84743,5.7%,90%
Monroe township,Middlesex,2015,42.2,42137,70357,4.5%,83%
Monroe township,Middlesex,2020,42.2,44615,95698,3.7%,78%
Montague township,Sussex,2015,46.6,3811,57150,10.8%,89%
Montague township,Sussex,2020,46.6,3666,81429,4.3%,94%
Montclair township,Essex,2015,6.2,38021,99105,6.7%,62%
Montclair township,Essex,2020,6.2,38634,134308,6.6%,58%
Montgomery township,Somerset,2015,32.5,22693,155334,3.8%,85%
Montgomery township,Somerset,2020,32.5,23128,200150,3.0%,74%
Montvale borough,Bergen,2015,4.0,8199,110635,7.8%,83%
Montvale borough,Bergen,2020,4.0,8538,156042,3.6%,76%
Montville township,Morris,2015,19.1,21760,122260,3.6%,86%
Montville township,Morris,2020,19.1,21253,142587,2.9%,82%
Moonachie borough,Bergen,2015,1.7,2753,55179,9.9%,87%
Moonachie borough,Bergen,2020,1.7,2714,72000,6.5%,83%
Moorestown township,Burlington,2015,15.0,20650,121637,3.8%,90%
Moorestown township,Burlington,2020,15.0,20474,156146,2.8%,78%
Morris Plains borough,Morris,2015,2.6,5598,110817,2.1%,81%
Morris Plains borough,Morris,2020,2.6,5888,127021,2.1%,77%
Morris township,Morris,2015,15.8,22585,127805,5.4%,82%
Morris township,Morris,2020,15.8,22275,160611,5.0%,78%
Morristown town,Morris,2015,3.0,18563,77407,10.7%,78%
Morristown town,Morris,2020,3.0,19065,111130,8.8%,82%
Mount Arlington borough,Morris,2015,2.8,5187,84912,0.7%,88%
Mount Arlington borough,Morris,2020,2.8,5751,95086,4.5%,89%
Mount Ephraim borough,Camden,2015,0.9,4646,61715,12.4%,89%
Mount Ephraim borough,Camden,2020,0.9,4591,80882,12.9%,88%
Mount Holly township,Burlington,2015,2.9,9410,58884,10.6%,88%
Mount Holly township,Burlington,2020,2.9,9562,71411,10.9%,92%
Mount Laurel township,Burlington,2015,22.0,41870,87724,5.1%,91%
Mount Laurel township,Burlington,2020,22.0,41443,97536,3.6%,87%
Mount Olive township,Morris,2015,31.2,28682,88333,4.6%,92%
Mount Olive township,Morris,2020,31.2,28913,96550,5.9%,90%
Mountain Lakes borough,Morris,2015,2.9,4262,164432,3.2%,78%
Mountain Lakes borough,Morris,2020,2.9,4249,225208,2.3%,68%
Mountainside borough,Union,2015,4.0,6832,133571,4.6%,84%
Mountainside borough,Union,2020,4.0,6859,121172,1.6%,67%
Mullica township,Atlantic,2015,56.8,6156,67269,10.0%,89%
Mullica township,Atlantic,2020,56.8,5894,79155,10.9%,92%
National Park borough,Gloucester,2015,1.4,3005,57356,9.5%,93%
National Park borough,Gloucester,2020,1.4,2964,65379,8.7%,91%
Neptune City borough,Monmouth,2015,0.9,4834,55728,14.8%,84%
Neptune City borough,Monmouth,2020,0.9,4654,73085,8.8%,92%
Neptune township,Monmouth,2015,8.8,27675,62992,10.6%,91%
Neptune township,Monmouth,2020,8.8,27547,80156,10.0%,87%
Netcong borough,Morris,2015,1.0,3258,54659,12.1%,93%
Netcong borough,Morris,2020,1.0,3167,71250,13.8%,82%
New Brunswick city,Middlesex,2015,5.8,56338,38435,34.7%,53%
New Brunswick city,Middlesex,2020,5.8,55992,43930,36.1%,69%
New Hanover township,Burlington,2015,22.6,7961,81500,5.6%,61%
New Hanover township,Burlington,2020,22.6,8101,100682,7.5%,85%
New Milford borough,Bergen,2015,2.3,16640,78077,7.0%,86%
New Milford borough,Bergen,2020,2.3,16477,94821,4.9%,82%
New Providence borough,Union,2015,3.7,12355,130057,4.5%,75%
New Providence borough,Union,2020,3.7,13382,149718,1.9%,65%
Newark city,Essex,2015,26.2,279793,33139,29.7%,61%
Newark city,Essex,2020,26.2,281917,37476,26.3%,62%
Newfield borough,Gloucester,2015,1.7,1616,70556,7.3%,94%
Newfield borough,Gloucester,2020,1.7,1502,88292,3.5%,97%
Newton town,Sussex,2015,3.4,8036,48409,14.3%,87%
Newton town,Sussex,2020,3.4,7935,66763,13.4%,89%
North Arlington borough,Bergen,2015,2.5,15734,66484,8.0%,84%
North Arlington borough,Bergen,2020,2.5,15681,87589,9.2%,76%
North Bergen township,Hudson,2015,5.3,62570,55222,15.8%,61%
North Bergen township,Hudson,2020,5.3,61181,66669,11.9%,60%
North Brunswick township,Middlesex,2015,12.3,42268,80358,7.2%,86%
North Brunswick township,Middlesex,2020,12.3,41569,98072,8.3%,82%
North Caldwell borough,Essex,2015,3.1,6415,200152,2.3%,88%
North Caldwell borough,Essex,2020,3.1,6640,188750,0.2%,74%
North Haledon borough,Passaic,2015,3.5,8507,96161,4.1%,94%
North Haledon borough,Passaic,2020,3.5,8425,101867,3.6%,85%
North Hanover township,Burlington,2015,17.5,7659,54280,3.7%,92%
North Hanover township,Burlington,2020,17.5,7513,71929,6.4%,94%
North Plainfield borough,Somerset,2015,2.8,22156,66272,10.6%,84%
North Plainfield borough,Somerset,2020,2.8,21445,77160,9.5%,84%
North Wildwood city,Cape May,2015,2.5,3957,43941,9.5%,86%
North Wildwood city,Cape May,2020,2.5,3794,63177,11.1%,87%
Northfield city,Atlantic,2015,3.6,8597,68854,12.4%,93%
Northfield city,Atlantic,2020,3.6,8088,84464,4.0%,89%
Northvale borough,Bergen,2015,1.3,4763,84881,9.0%,90%
Northvale borough,Bergen,2020,1.3,4911,102361,3.5%,85%
Norwood borough,Bergen,2015,2.8,5823,92203,4.7%,84%
Norwood borough,Bergen,2020,2.8,5789,131563,2.5%,82%
Nutley township,Essex,2015,3.4,28596,84974,5.8%,80%
Nutley township,Essex,2020,3.4,28527,97750,4.7%,75%
Oakland borough,Bergen,2015,8.8,13003,109258,2.5%,86%
Oakland borough,Bergen,2020,8.8,12953,140074,3.2%,83%
Oaklyn borough,Camden,2015,0.7,4004,67969,5.4%,90%
Oaklyn borough,Camden,2020,0.7,3961,70789,4.2%,84%
Ocean City city,Cape May,2015,11.8,11470,57813,9.4%,77%
Ocean City city,Cape May,2020,11.8,11065,87060,8.8%,77%
Ocean Gate borough,Ocean,2015,0.5,2105,66667,12.9%,94%
Ocean Gate borough,Ocean,2020,0.5,1488,53947,7.8%,92%
Ocean township,Monmouth,2015,11.0,27153,80323,9.2%,88%
Ocean township,Monmouth,2020,11.0,26700,95505,6.3%,87%
Ocean township,Ocean,2015,31.6,8628,67997,4.3%,91%
Ocean township,Ocean,2020,31.6,9071,79561,6.9%,91%
Oceanport borough,Monmouth,2015,4.1,5800,90238,11.3%,82%
Oceanport borough,Monmouth,2020,4.1,5715,105417,3.5%,86%
Ogdensburg borough,Sussex,2015,2.2,2432,79271,4.4%,93%
Ogdensburg borough,Sussex,2020,2.2,2164,89357,4.9%,97%
Old Bridge township,Middlesex,2015,38.7,66594,83750,3.5%,80%
Old Bridge township,Middlesex,2020,38.7,65657,89078,6.8%,80%
Old Tappan borough,Bergen,2015,4.2,5922,116285,3.9%,84%
Old Tappan borough,Bergen,2020,4.2,5924,173490,3.3%,68%
Oldmans township,Salem,2015,20.0,1799,72045,7.3%,90%
Oldmans township,Salem,2020,20.0,1762,93565,13.3%,83%
Oradell borough,Bergen,2015,2.6,8146,141550,0.6%,79%
Oradell borough,Bergen,2020,2.6,8126,144474,4.8%,65%
Oxford township,Warren,2015,6.1,2478,72311,4.0%,96%
Oxford township,Warren,2020,6.1,2508,76042,6.2%,92%
Palisades Park borough,Bergen,2015,1.3,20364,64726,9.9%,70%
Palisades Park borough,Bergen,2020,1.3,20693,79063,12.8%,64%
Palmyra borough,Burlington,2015,2.6,7356,64766,8.1%,90%
Palmyra borough,Burlington,2020,2.6,7162,73212,10.5%,87%
Paramus borough,Bergen,2015,10.5,26760,100272,3.0%,80%
Paramus borough,Bergen,2020,10.5,26403,130273,3.5%,76%
Park Ridge borough,Bergen,2015,2.6,8820,104047,3.2%,77%
Park Ridge borough,Bergen,2020,2.6,8721,143103,2.3%,77%
Parsippany-Troy Hills township,Morris,2015,25.3,53651,89385,4.9%,89%
Parsippany-Troy Hills township,Morris,2020,25.3,52048,99367,4.3%,87%
Passaic city,Passaic,2015,3.2,70618,31832,31.6%,65%
Passaic city,Passaic,2020,3.2,69789,44779,27.1%,67%
Paterson city,Passaic,2015,8.7,146987,32915,29.1%,79%
Paterson city,Passaic,2020,8.7,145484,45141,25.2%,84%
Paulsboro borough,Gloucester,2015,2.6,6025,40925,33.8%,93%
Paulsboro borough,Gloucester,2020,2.6,5881,45897,9.3%,87%
Peapack and Gladstone borough,Somerset,2015,5.8,2588,132250,2.4%,79%
Peapack and Gladstone borough,Somerset,2020,5.8,2582,122321,3.2%,78%
Pemberton borough,Burlington,2015,0.6,1485,67098,15.3%,91%
Pemberton borough,Burlington,2020,0.6,1494,74643,6.6%,84%
Pemberton township,Burlington,2015,62.8,27884,61039,11.9%,95%
Pemberton township,Burlington,2020,62.8,27082,66958,9.2%,94%
Pennington borough,Mercer,2015,1.0,2599,115536,6.0%,83%
Pennington borough,Mercer,2020,1.0,2553,135000,1.4%,79%
Penns Grove borough,Salem,2015,0.9,5032,31406,30.4%,94%
Penns Grove borough,Salem,2020,0.9,4793,32361,37.7%,89%
Pennsauken township,Camden,2015,12.1,35711,63279,10.7%,88%
Pennsauken township,Camden,2020,12.1,35704,67700,15.4%,90%
Pennsville township,Salem,2015,24.8,13057,58939,11.5%,94%
Pennsville township,Salem,2020,24.8,12505,67757,11.4%,95%
Pequannock township,Morris,2015,7.1,15550,87464,3.0%,88%
Pequannock township,Morris,2020,7.1,15102,106348,6.0%,86%
Perth Amboy city,Middlesex,2015,5.2,52179,44024,22.8%,86%
Perth Amboy city,Middlesex,2020,5.2,51589,54188,19.7%,82%
Phillipsburg town,Warren,2015,3.3,14608,44537,18.9%,88%
Phillipsburg town,Warren,2020,3.3,14303,54583,15.8%,89%
Pilesgrove township,Salem,2015,35.1,4125,86523,9.3%,93%
Pilesgrove township,Salem,2020,35.1,4002,120565,4.0%,85%
Pine Beach borough,Ocean,2015,0.7,2175,89750,3.7%,94%
Pine Beach borough,Ocean,2020,0.7,2361,101250,9.1%,93%
Pine Hill borough,Camden,2015,4.0,10419,50184,14.3%,91%
Pine Hill borough,Camden,2020,4.0,10418,61064,12.6%,90%
Pine Valley borough,Camden,2015,1.0,3,-,0.0%,100%
Pine Valley borough,Camden,2020,1.0,11,214583,0.0%,60%
Piscataway township,Middlesex,2015,19.0,57348,88494,6.9%,86%
Piscataway township,Middlesex,2020,19.0,56948,106498,6.9%,82%
Pitman borough,Gloucester,2015,2.3,8932,73616,4.6%,96%
Pitman borough,Gloucester,2020,2.3,8785,80716,9.1%,89%
Pittsgrove township,Salem,2015,45.7,9201,68785,6.4%,94%
Pittsgrove township,Salem,2020,45.7,8850,69215,7.5%,94%
Plainfield city,Union,2015,6.0,50678,54500,23.0%,61%
Plainfield city,Union,2020,6.0,50252,58400,18.1%,76%
Plainsboro township,Middlesex,2015,12.1,23420,96480,4.0%,83%
Plainsboro township,Middlesex,2020,12.1,22928,113275,3.8%,72%
Pleasantville city,Atlantic,2015,7.3,20518,41633,24.8%,79%
Pleasantville city,Atlantic,2020,7.3,20226,41718,21.5%,82%
Plumsted township,Ocean,2015,39.5,8465,86694,4.8%,93%
Plumsted township,Ocean,2020,39.5,8550,89261,5.6%,93%
Pohatcong township,Warren,2015,13.7,3279,66556,10.0%,99%
Pohatcong township,Warren,2020,13.7,3196,96603,3.8%,92%
Point Pleasant Beach borough,Ocean,2015,1.9,4604,76174,8.5%,84%
Point Pleasant Beach borough,Ocean,2020,1.9,4548,104034,8.2%,77%
Point Pleasant borough,Ocean,2015,4.2,18426,89779,6.9%,93%
Point Pleasant borough,Ocean,2020,4.2,18686,99030,2.5%,86%
Pompton Lakes borough,Passaic,2015,3.1,11179,87004,7.9%,88%
Pompton Lakes borough,Passaic,2020,3.1,10998,98348,7.2%,85%
Port Republic city,Atlantic,2015,8.6,996,84688,4.6%,84%
Port Republic city,Atlantic,2020,8.6,1127,141250,2.1%,97%
Princeton,Mercer,2015,18.4,28936,114645,6.0%,55%
Princeton,Mercer,2020,18.4,31161,146127,7.1%,47%
Prospect Park borough,Passaic,2015,0.5,5924,53889,17.4%,88%
Prospect Park borough,Passaic,2020,0.5,5853,48838,16.8%,82%
Quinton township,Salem,2015,24.3,2613,64722,7.1%,98%
Quinton township,Salem,2020,24.3,2346,68750,5.9%,95%
Rahway city,Union,2015,4.0,28644,60374,8.5%,81%
Rahway city,Union,2020,4.0,29691,77393,7.4%,78%
Ramsey borough,Bergen,2015,5.6,14889,135387,2.1%,77%
Ramsey borough,Bergen,2020,5.6,14915,156058,1.3%,73%
Randolph township,Morris,2015,21.2,25917,120392,2.6%,86%
Randolph township,Morris,2020,21.2,25496,150422,3.9%,86%
Raritan borough,Somerset,2015,2.0,7328,73827,5.7%,89%
Raritan borough,Somerset,2020,2.0,7833,82471,6.3%,92%
Raritan township,Hunterdon,2015,37.6,22048,114569,5.3%,91%
Raritan township,Hunterdon,2020,37.6,22252,123828,3.5%,86%
Readington township,Hunterdon,2015,47.8,15974,118125,4.5%,89%
Readington township,Hunterdon,2020,47.8,15889,121885,2.5%,85%
Red Bank borough,Monmouth,2015,2.2,12238,62028,14.9%,67%
Red Bank borough,Monmouth,2020,2.2,12039,78985,11.3%,78%
Ridgefield borough,Bergen,2015,2.9,11256,68843,6.8%,84%
Ridgefield borough,Bergen,2020,2.9,11209,79696,8.0%,88%
Ridgefield Park village,Bergen,2015,1.9,12969,63841,6.5%,75%
Ridgefield Park village,Bergen,2020,1.9,12928,81908,9.3%,76%
Ridgewood village,Bergen,2015,5.8,25370,147823,3.5%,67%
Ridgewood village,Bergen,2020,5.8,25110,178958,3.3%,61%
Ringwood borough,Passaic,2015,28.5,12387,108638,3.8%,92%
Ringwood borough,Passaic,2020,28.5,12229,123559,1.9%,87%
River Edge borough,Bergen,2015,1.9,11566,103607,3.6%,73%
River Edge borough,Bergen,2020,1.9,11510,128231,3.2%,74%
River Vale township,Bergen,2015,4.3,9883,132265,2.9%,80%
River Vale township,Bergen,2020,4.3,10002,161250,1.6%,81%
Riverdale borough,Morris,2015,2.1,4154,87274,4.3%,95%
Riverdale borough,Morris,2020,2.1,4179,112688,3.3%,87%
Riverside township,Burlington,2015,1.6,8044,54492,11.6%,93%
Riverside township,Burlington,2020,1.6,7860,61975,13.5%,89%
Riverton borough,Burlington,2015,0.9,2766,92125,4.9%,84%
Riverton borough,Burlington,2020,0.9,2691,100278,3.9%,78%
Robbinsville township,Mercer,2015,20.6,14093,116686,1.2%,88%
Robbinsville township,Mercer,2020,20.6,14518,151938,1.5%,84%
Rochelle Park township,Bergen,2015,1.0,5624,73512,3.3%,90%
Rochelle Park township,Bergen,2020,1.0,5580,87171,6.5%,84%
Rockaway borough,Morris,2015,2.1,6490,78604,2.3%,90%
Rockaway borough,Morris,2020,2.1,6345,86442,4.2%,93%
Rockaway township,Morris,2015,45.9,24546,100303,2.8%,92%
Rockaway township,Morris,2020,45.9,25395,123230,4.2%,83%
Rockleigh borough,Bergen,2015,1.0,576,133125,5.9%,81%
Rockleigh borough,Bergen,2020,1.0,650,242500,10.2%,76%
Rocky Hill borough,Somerset,2015,0.6,615,104219,4.2%,82%
Rocky Hill borough,Somerset,2020,0.6,655,111346,3.8%,80%
Roosevelt borough,Monmouth,2015,1.9,800,72321,4.4%,85%
Roosevelt borough,Monmouth,2020,1.9,913,110625,3.5%,87%
Roseland borough,Essex,2015,3.6,5853,101786,2.4%,92%
Roseland borough,Essex,2020,3.6,5841,142776,1.8%,82%
Roselle borough,Union,2015,2.6,21466,43397,14.6%,85%
Roselle borough,Union,2020,2.6,21699,65307,9.9%,77%
Roselle Park borough,Union,2015,1.2,13555,63021,8.7%,85%
Roselle Park borough,Union,2020,1.2,13574,80842,5.2%,83%
Roxbury township,Morris,2015,21.9,23517,105105,4.4%,90%
Roxbury township,Morris,2020,21.9,22882,106451,5.8%,90%
Rumson borough,Monmouth,2015,7.1,6993,136538,2.9%,66%
Rumson borough,Monmouth,2020,7.1,6757,222237,3.3%,58%
Runnemede borough,Camden,2015,2.1,8414,61885,9.5%,93%
Runnemede borough,Camden,2020,2.1,8307,71495,8.1%,86%
Rutherford borough,Bergen,2015,2.9,18434,84778,4.6%,73%
Rutherford borough,Bergen,2020,2.9,18376,106817,5.8%,64%
Saddle Brook township,Bergen,2015,2.7,13954,80543,7.5%,89%
Saddle Brook township,Bergen,2020,2.7,13762,107511,5.2%,83%
Saddle River borough,Bergen,2015,5.0,3229,121026,1.3%,86%
Saddle River borough,Bergen,2020,5.0,3180,169018,3.0%,78%
Salem city,Salem,2015,2.8,4997,26320,39.6%,88%
Salem city,Salem,2020,2.8,4761,22125,44.1%,82%
Sandyston township,Sussex,2015,42.1,1939,74875,7.1%,89%
Sandyston township,Sussex,2020,42.1,1893,88594,3.5%,91%
Sayreville borough,Middlesex,2015,17.6,44051,80386,6.6%,85%
Sayreville borough,Middlesex,2020,17.6,44243,82693,5.3%,81%
Scotch Plains township,Union,2015,9.1,23954,110908,2.3%,79%
Scotch Plains township,Union,2020,9.1,24221,139664,3.2%,75%
Sea Bright borough,Monmouth,2015,1.2,1387,83244,11.4%,81%
Sea Bright borough,Monmouth,2020,1.2,1293,91601,8.4%,63%
Sea Girt borough,Monmouth,2015,1.1,1683,108333,2.9%,81%
Sea Girt borough,Monmouth,2020,1.1,1725,164602,1.7%,85%
Sea Isle City city,Cape May,2015,2.8,1788,66683,8.8%,82%
Sea Isle City city,Cape May,2020,2.8,2122,76875,6.5%,80%
Seaside Heights borough,Ocean,2015,0.7,2885,33958,25.3%,66%
Seaside Heights borough,Ocean,2020,0.7,2917,-,29.5%,76%
Seaside Park borough,Ocean,2015,1.1,1543,72981,6.8%,87%
Seaside Park borough,Ocean,2020,1.1,1752,70859,9.0%,86%
Secaucus town,Hudson,2015,6.6,18170,86061,7.5%,64%
Secaucus town,Hudson,2020,6.6,20667,125142,6.4%,56%
Shamong township,Burlington,2015,45.0,6447,94777,4.7%,92%
Shamong township,Burlington,2020,45.0,6385,113817,2.8%,92%
Shiloh borough,Cumberland,2015,1.2,492,67292,6.1%,96%
Shiloh borough,Cumberland,2020,1.2,368,59931,10.6%,98%
Ship Bottom borough,Ocean,2015,1.0,914,63977,3.8%,86%
Ship Bottom borough,Ocean,2020,1.0,1074,81250,4.3%,90%
Shrewsbury borough,Monmouth,2015,2.2,3923,116087,1.9%,83%
Shrewsbury borough,Monmouth,2020,2.2,4082,142870,1.3%,79%
Shrewsbury township,Monmouth,2015,0.1,1181,50909,16.3%,83%
Shrewsbury township,Monmouth,2020,0.1,1309,80240,6.3%,85%
Somerdale borough,Camden,2015,1.4,5298,51633,10.3%,87%
Somerdale borough,Camden,2020,1.4,5479,73498,8.5%,84%
Somers Point city,Atlantic,2015,5.0,10776,50450,12.8%,86%
Somers Point city,Atlantic,2020,5.0,10250,63150,11.3%,89%
Somerville borough,Somerset,2015,2.3,12212,70643,6.4%,83%
Somerville borough,Somerset,2020,2.3,12139,86842,5.7%,85%
South Amboy city,Middlesex,2015,2.0,8787,64293,6.9%,86%
South Amboy city,Middlesex,2020,2.0,8868,81742,5.4%,86%
South Bound Brook borough,Somerset,2015,0.7,4612,72180,8.5%,88%
South Bound Brook borough,Somerset,2020,0.7,4541,86667,4.3%,89%
South Brunswick township,Middlesex,2015,41.0,44875,109551,3.8%,87%
South Brunswick township,Middlesex,2020,41.0,45517,124070,2.9%,75%
South Hackensack township,Bergen,2015,0.7,2705,63693,10.0%,73%
South Hackensack township,Bergen,2020,0.7,2670,85625,6.9%,89%
South Harrison township,Gloucester,2015,16.0,3161,116375,1.3%,95%
South Harrison township,Gloucester,2020,16.0,3143,127612,6.7%,85%
South Orange Village township,Essex,2015,2.8,16305,116727,10.6%,60%
South Orange Village township,Essex,2020,2.8,16634,150817,7.6%,49%
South Plainfield borough,Middlesex,2015,8.3,23871,86404,4.8%,89%
South Plainfield borough,Middlesex,2020,8.3,23961,108244,3.1%,87%
South River borough,Middlesex,2015,2.9,16274,62972,11.4%,87%
South River borough,Middlesex,2020,2.9,15874,77382,12.3%,87%
South Toms River borough,Ocean,2015,1.2,3706,66250,13.7%,92%
South Toms River borough,Ocean,2020,1.2,3676,85271,13.9%,95%
Southampton township,Burlington,2015,44.4,10402,55432,5.6%,91%
Southampton township,Burlington,2020,44.4,10139,66583,6.1%,89%
Sparta township,Sussex,2015,38.8,19440,131182,2.8%,89%
Sparta township,Sussex,2020,38.8,18681,137372,4.1%,83%
Spotswood borough,Middlesex,2015,2.4,8413,74696,5.8%,87%
Spotswood borough,Middlesex,2020,2.4,8255,85703,4.6%,86%
Spring Lake borough,Monmouth,2015,1.5,2989,101500,4.2%,78%
Spring Lake borough,Monmouth,2020,1.5,2922,86838,7.1%,65%
Spring Lake Heights borough,Monmouth,2015,1.3,4683,72353,3.7%,75%
Spring Lake Heights borough,Monmouth,2020,1.3,4530,90511,2.8%,73%
Springfield township,Burlington,2015,29.6,3390,105852,6.1%,92%
Springfield township,Burlington,2020,29.6,3260,121250,2.8%,87%
Springfield township,Union,2015,5.2,17101,99211,4.8%,83%
Springfield township,Union,2020,5.2,17432,123212,4.5%,76%
Stafford township,Ocean,2015,54.7,26766,69268,7.6%,94%
Stafford township,Ocean,2020,54.7,27674,88193,5.2%,90%
Stanhope borough,Sussex,2015,2.1,3509,81311,8.6%,97%
Stanhope borough,Sussex,2020,2.1,3327,96489,1.4%,89%
Stillwater township,Sussex,2015,28.2,3995,79392,6.3%,94%
Stillwater township,Sussex,2020,28.2,3900,100565,5.8%,91%
Stockton borough,Hunterdon,2015,0.6,624,90938,5.5%,89%
Stockton borough,Hunterdon,2020,0.6,472,109583,4.7%,81%
Stone Harbor borough,Cape May,2015,2.3,875,81111,7.0%,65%
Stone Harbor borough,Cape May,2020,2.3,876,110625,5.0%,69%
Stow Creek township,Cumberland,2015,18.9,1365,72159,5.4%,96%
Stow Creek township,Cumberland,2020,18.9,1046,65313,10.6%,91%
Stratford borough,Camden,2015,1.6,7007,67556,8.0%,81%
Stratford borough,Camden,2020,1.6,6968,78309,10.8%,86%
Summit city,Union,2015,6.0,21869,129583,4.2%,67%
Summit city,Union,2020,6.0,21913,142845,5.1%,61%
Surf City borough,Ocean,2015,1.3,1130,66597,8.9%,89%
Surf City borough,Ocean,2020,1.3,1260,94750,4.8%,78%
Sussex borough,Sussex,2015,0.6,1972,37241,19.2%,83%
Sussex borough,Sussex,2020,0.6,1836,58309,19.2%,93%
Swedesboro borough,Gloucester,2015,0.8,2612,75595,6.4%,92%
Swedesboro borough,Gloucester,2020,0.8,2583,70673,8.9%,87%
Tabernacle township,Burlington,2015,49.6,6991,98375,3.5%,93%
Tabernacle township,Burlington,2020,49.6,6815,89625,4.3%,94%
Tavistock borough,Camden,2015,0.3,8,-,0.0%,60%
Tavistock borough,Camden,2020,0.3,5,-,0.0%,100%
Teaneck township,Bergen,2015,6.2,40569,96760,5.9%,71%
Teaneck township,Bergen,2020,6.2,40461,113934,5.4%,66%
Tenafly borough,Bergen,2015,4.6,14788,147196,6.1%,78%
Tenafly borough,Bergen,2020,4.6,14550,180601,2.7%,67%
Teterboro borough,Bergen,2015,1.1,85,33068,32.9%,94%
Teterboro borough,Bergen,2020,1.1,110,-,47.3%,75%
Tewksbury township,Hunterdon,2015,31.8,5921,165552,1.2%,80%
Tewksbury township,Hunterdon,2020,31.8,5796,138378,0.0%,69%
Tinton Falls borough,Monmouth,2015,15.6,17872,73891,6.4%,90%
Tinton Falls borough,Monmouth,2020,15.6,17584,95927,8.1%,85%
Toms River township,Ocean,2015,52.7,91029,71960,6.3%,92%
Toms River township,Ocean,2020,52.7,93279,79193,7.3%,90%
Totowa borough,Passaic,2015,4.1,10931,88490,7.7%,91%
Totowa borough,Passaic,2020,4.1,10810,96750,5.1%,87%
Trenton city,Mercer,2015,8.2,84632,34257,28.3%,81%
Trenton city,Mercer,2020,8.2,83387,37002,27.2%,84%
Tuckerton borough,Ocean,2015,3.7,3364,64273,7.7%,92%
Tuckerton borough,Ocean,2020,3.7,3373,65918,2.3%,89%
Union Beach borough,Monmouth,2015,1.9,5885,66662,10.5%,93%
Union Beach borough,Monmouth,2020,1.9,5362,109512,2.5%,85%
Union City city,Hudson,2015,1.3,68656,41107,24.9%,41%
Union City city,Hudson,2020,1.3,68073,49457,19.7%,44%
Union township,Hunterdon,2015,20.6,5779,122527,3.9%,87%
Union township,Hunterdon,2020,20.6,5688,109577,5.9%,84%
Union township,Union,2015,9.1,57606,75742,8.0%,86%
Union township,Union,2020,9.1,58735,95489,4.9%,83%
Upper Deerfield township,Cumberland,2015,31.4,7622,53547,7.9%,92%
Upper Deerfield township,Cumberland,2020,31.4,7328,64505,11.8%,92%
Upper Freehold township,Monmouth,2015,47.4,6890,127753,2.6%,84%
Upper Freehold township,Monmouth,2020,47.4,7013,148596,5.1%,85%
Upper Pittsgrove township,Salem,2015,40.4,3474,90042,7.1%,95%
Upper Pittsgrove township,Salem,2020,40.4,3362,73438,11.9%,95%
Upper Saddle River borough,Bergen,2015,5.3,8335,169301,2.2%,80%
Upper Saddle River borough,Bergen,2020,5.3,8214,198542,3.2%,72%
Upper township,Cape May,2015,68.4,12157,77012,3.7%,93%
Upper township,Cape May,2020,68.4,11867,91866,4.2%,95%
Ventnor City city,Atlantic,2015,2.5,10593,50978,14.2%,75%
Ventnor City city,Atlantic,2020,2.5,9995,55681,12.3%,80%
Vernon township,Sussex,2015,70.0,22955,87779,6.0%,92%
Vernon township,Sussex,2020,70.0,22102,97400,4.1%,87%
Verona township,Essex,2015,2.8,13489,101528,3.6%,87%
Verona township,Essex,2020,2.8,13478,135122,2.4%,77%
Victory Gardens borough,Morris,2015,0.1,1593,39811,25.2%,93%
Victory Gardens borough,Morris,2020,0.1,1604,60833,13.2%,91%
Vineland city,Cumberland,2015,69.0,60987,49453,16.9%,93%
Vineland city,Cumberland,2020,69.0,59405,55740,13.6%,93%
Voorhees township,Camden,2015,11.6,29375,78568,6.5%,85%
Voorhees township,Camden,2020,11.6,29188,100095,6.4%,81%
Waldwick borough,Bergen,2015,2.1,9902,108182,6.6%,84%
Waldwick borough,Bergen,2020,2.1,10051,127574,3.4%,79%
Wall township,Monmouth,2015,31.7,26057,92539,6.5%,90%
Wall township,Monmouth,2020,31.7,25707,115442,2.8%,89%
Wallington borough,Bergen,2015,1.0,11584,55547,11.0%,85%
Wallington borough,Bergen,2020,1.0,11553,72389,8.6%,83%
Walpack township,Sussex,2015,24.9,4,16667,0.0%,0
Walpack township,Sussex,2020,24.9,8,-,0.0%,0%
Wanaque borough,Passaic,2015,9.3,11617,88125,4.5%,91%
Wanaque borough,Passaic,2020,9.3,11719,95685,5.8%,88%
Wantage township,Sussex,2015,67.5,11181,87300,4.4%,95%
Wantage township,Sussex,2020,67.5,10899,89557,6.0%,94%
Warren township,Somerset,2015,19.6,15867,143833,2.9%,86%
Warren township,Somerset,2020,19.6,15708,161974,2.8%,76%
Washington borough,Warren,2015,2.0,6466,61625,12.8%,88%
Washington borough,Warren,2020,2.0,6475,64826,6.8%,85%
Washington township,Bergen,2015,3.0,9271,115571,1.9%,81%
Washington township,Bergen,2020,3.0,9208,142500,1.7%,81%
Washington township,Burlington,2015,104.8,854,64375,7.5%,93%
Washington township,Burlington,2020,104.8,609,65893,3.9%,86%
Washington township,Gloucester,2015,21.5,48097,85892,3.7%,92%
Washington township,Gloucester,2020,21.5,47878,101012,4.2%,87%
Washington township,Morris,2015,44.9,18729,124177,3.0%,87%
Washington township,Morris,2020,44.9,18304,149583,3.7%,83%
Washington township,Warren,2015,18.0,6510,88322,1.6%,89%
Washington township,Warren,2020,18.0,6386,108659,4.2%,90%
Watchung borough,Somerset,2015,6.0,5900,140163,3.0%,89%
Watchung borough,Somerset,2020,6.0,6040,140417,3.6%,78%
Waterford township,Camden,2015,36.2,10726,74250,7.3%,94%
Waterford township,Camden,2020,36.2,10694,95163,6.8%,91%
Wayne township,Passaic,2015,25.2,55110,106357,4.0%,86%
Wayne township,Passaic,2020,25.2,53665,127623,3.4%,81%
Weehawken township,Hudson,2015,0.8,13215,75388,10.4%,41%
Weehawken township,Hudson,2020,0.8,14756,100328,8.4%,39%
Wenonah borough,Gloucester,2015,1.0,2199,104375,2.6%,86%
Wenonah borough,Gloucester,2020,1.0,2255,125139,1.3%,88%
West Amwell township,Hunterdon,2015,21.9,2794,103875,2.3%,83%
West Amwell township,Hunterdon,2020,21.9,2764,120605,2.0%,77%
West Caldwell township,Essex,2015,5.1,10936,99708,2.9%,92%
West Caldwell township,Essex,2020,5.1,10872,130815,2.6%,86%
West Cape May borough,Cape May,2015,1.2,966,49839,13.5%,68%
West Cape May borough,Cape May,2020,1.2,1008,77708,0.9%,85%
West Deptford township,Gloucester,2015,17.8,21493,66964,5.8%,94%
West Deptford township,Gloucester,2020,17.8,21089,75614,6.2%,87%
West Long Branch borough,Monmouth,2015,2.9,7974,80585,3.7%,85%
West Long Branch borough,Monmouth,2020,2.9,7911,102037,6.9%,76%
West Milford township,Passaic,2015,81.0,26610,98556,4.1%,90%
West Milford township,Passaic,2020,81.0,26355,103425,4.2%,84%
West New York town,Hudson,2015,1.0,51860,45370,22.1%,40%
West New York town,Hudson,2020,1.0,52778,64378,19.7%,37%
West Orange township,Essex,2015,12.1,47014,90363,5.6%,81%
West Orange township,Essex,2020,12.1,47528,103956,6.9%,66%
West Wildwood borough,Cape May,2015,0.4,448,50795,6.0%,90%
West Wildwood borough,Cape May,2020,0.4,409,51750,5.8%,91%
West Windsor township,Mercer,2015,26.3,27872,161750,3.5%,67%
West Windsor township,Mercer,2020,26.3,28074,170076,4.1%,57%
Westampton township,Burlington,2015,11.1,8780,101653,3.3%,87%
Westampton township,Burlington,2020,11.1,8687,109818,2.1%,89%
Westfield town,Union,2015,6.7,30552,146734,3.3%,72%
Westfield town,Union,2020,6.7,29690,158323,2.4%,61%
Westville borough,Gloucester,2015,1.4,4247,58824,13.2%,88%
Westville borough,Gloucester,2020,1.4,4171,51959,9.4%,86%
Westwood borough,Bergen,2015,2.3,11140,85849,7.3%,80%
Westwood borough,Bergen,2020,2.3,11096,127847,5.6%,78%
Weymouth township,Atlantic,2015,12.2,2755,56681,9.6%,93%
Weymouth township,Atlantic,2020,12.2,2800,63984,8.7%,90%
Wharton borough,Morris,2015,2.1,6607,66579,7.8%,91%
Wharton borough,Morris,2020,2.1,6458,82482,13.4%,96%
White township,Warren,2015,27.8,4775,51524,4.7%,91%
White township,Warren,2020,27.8,4685,53346,5.0%,86%
Wildwood city,Cape May,2015,1.7,5234,27067,29.1%,68%
Wildwood city,Cape May,2020,1.7,4985,42730,20.0%,71%
Wildwood Crest borough,Cape May,2015,1.5,3227,65547,4.4%,81%
Wildwood Crest borough,Cape May,2020,1.5,3073,58983,6.1%,78%
Willingboro township,Burlington,2015,8.1,31476,64969,10.1%,87%
Willingboro township,Burlington,2020,8.1,31862,79684,9.2%,88%
Winfield township,Union,2015,0.2,1572,54167,9.8%,88%
Winfield township,Union,2020,0.2,1576,56435,6.7%,89%
Winslow township,Camden,2015,58.2,39178,72934,9.3%,90%
Winslow township,Camden,2020,58.2,38741,76481,10.2%,89%
Woodbine borough,Cape May,2015,8.0,2710,34906,28.9%,82%
Woodbine borough,Cape May,2020,8.0,2352,37604,26.4%,88%
Woodbridge township,Middlesex,2015,24.0,101164,79720,6.3%,83%
Woodbridge township,Middlesex,2020,24.0,99788,93179,6.3%,82%
Woodbury city,Gloucester,2015,2.1,10087,51922,22.0%,86%
Woodbury city,Gloucester,2020,2.1,9839,60741,14.7%,84%
Woodbury Heights borough,Gloucester,2015,1.3,3022,79653,2.6%,95%
Woodbury Heights borough,Gloucester,2020,1.3,2977,98426,5.4%,93%
Woodcliff Lake borough,Bergen,2015,3.5,5818,139857,1.7%,74%
Woodcliff Lake borough,Bergen,2020,3.5,5836,197632,2.8%,72%
Woodland Park borough,Passaic,2015,3.1,12267,78708,5.8%,90%
Woodland Park borough,Passaic,2020,3.1,12608,80286,12.0%,87%
Woodland township,Burlington,2015,94.4,1392,88636,5.6%,94%
Woodland township,Burlington,2020,94.4,1951,121830,16.3%,77%
Woodlynne borough,Camden,2015,0.2,2970,40913,24.9%,75%
Woodlynne borough,Camden,2020,0.2,2911,57250,19.5%,80%
Wood-Ridge borough,Bergen,2015,1.1,7938,96988,5.5%,85%
Wood-Ridge borough,Bergen,2020,1.1,9016,119840,3.5%,73%
Woodstown borough,Salem,2015,1.6,3562,82738,11.4%,90%
Woodstown borough,Salem,2020,1.6,3445,82930,4.9%,85%
Woolwich township,Gloucester,2015,21.4,11546,118509,4.6%,93%
Woolwich township,Gloucester,2020,21.4,12749,134524,3.6%,85%
Wrightstown borough,Burlington,2015,1.8,821,46625,21.4%,79%
Wrightstown borough,Burlington,2020,1.8,546,51964,4.0%,95%
Wyckoff township,Bergen,2015,6.6,17045,131714,2.9%,79%
Wyckoff township,Bergen,2020,6.6,16959,162095,1.9%,73%