Municipality Name,County,Year,Passenger Cars, Total miles traveled, FV Emissions
Aberdeen township,Monmouth,2017,97772592,115779566,49605
Aberdeen township,Monmouth,2019,98786829,139502619,73388
Absecon city,Atlantic,2015,38488232,100583104,46725
Absecon city,Atlantic,2020,25192020,62366131,32488
Alexandria township,Hunterdon,2017,37796863,46619414,19086
Alexandria township,Hunterdon,2019,23745754,33532759,13312
Allamuchy township,Warren,2017,33356655,47937196,18071
Allamuchy township,Warren,2019,24921165,35192623,16085
Allendale borough,Bergen,2017,42564813,58271297,27772
Allendale borough,Bergen,2019,45353628,56912150,30926
Allenhurst borough,Monmouth,2017,2900257,3538267,1488
Allenhurst borough,Monmouth,2019,2434390,3437744,1891
Allentown borough,Monmouth,2017,9534560,11111401,4314
Allentown borough,Monmouth,2019,8271657,11680887,2813
Alloway township,Salem,2015,8082447,21060214,9783
Alloway township,Salem,2020,9600149,26180821,13638
Alpha borough,Warren,2017,17280979,26721594,10647
Alpha borough,Warren,2019,15789766,22297646,10510
Alpine borough,Bergen,2017,11934465,15409607,6379
Alpine borough,Bergen,2019,9595838,12019549,4882
Andover borough,Sussex,2017,3565018,5057013,1964
Andover borough,Sussex,2019,4278954,6042560,1912
Andover township,Sussex,2017,37054811,49830470,20502
Andover township,Sussex,2019,40867331,57711133,20623
Asbury Park city,Monmouth,2017,64560801,76371347,33448
Asbury Park city,Monmouth,2019,70021995,98882131,48790
Atlantic City city,Atlantic,2015,105845245,257185004,119473
Atlantic City city,Atlantic,2020,110990662,274771863,143133
Atlantic Highlands borough,Monmouth,2017,21521177,25719927,11515
Atlantic Highlands borough,Monmouth,2019,23271633,32863225,18792
Audubon borough,Camden,2015,23381769,48691730,22619
Audubon borough,Camden,2019,20843998,54472600,28376
Audubon Park borough,Camden,2015,2346555,4886620,2270
Audubon Park borough,Camden,2019,2161636,5649105,2943
Avalon borough,Cape May,2015,3959645,9621228,4469
Avalon borough,Cape May,2020,4725996,13509549,7037
Avon-by-the-Sea borough,Monmouth,2017,7949724,9585256,4064
Avon-by-the-Sea borough,Monmouth,2019,7562090,10678864,5384
Barnegat Light borough,Ocean,2017,1846301,2573773,1045
Barnegat Light borough,Ocean,2019,2638853,3726478,1597
Barnegat township,Ocean,2017,101835160,125968873,50871
Barnegat township,Ocean,2019,95537786,134914455,44052
Barrington borough,Camden,2015,20895171,43513475,20214
Barrington borough,Camden,2019,20170661,52712935,27459
Bass River township,Burlington,2015,10486584,21837950,10145
Bass River township,Burlington,2019,6918716,18081005,9419
Bay Head borough,Ocean,2017,5568546,6708871,2787
Bay Head borough,Ocean,2019,4618712,6522351,3431
Bayonne city,Hudson,2017,240509652,300125162,152759
Bayonne city,Hudson,2019,182505987,257727312,146369
Beach Haven borough,Ocean,2017,6045075,8321786,3288
Beach Haven borough,Ocean,2019,7943509,11217491,3661
Beachwood borough,Ocean,2017,37742001,47705166,20165
Beachwood borough,Ocean,2019,34149281,48224184,25241
Bedminster township,Somerset,2017,120380785,152252646,61448
Bedminster township,Somerset,2019,93981185,132716290,62329
Belleville township,Essex,2017,130721246,158335804,80397
Belleville township,Essex,2019,117515958,165951110,105839
Bellmawr borough,Camden,2015,37395546,77874940,36176
Bellmawr borough,Camden,2019,39367419,102880725,53592
Belmar borough,Monmouth,2017,27541268,32980418,14078
Belmar borough,Monmouth,2019,27671984,39077215,19699
Belvidere town,Warren,2017,29792618,41543375,16752
Belvidere town,Warren,2019,21562820,30450111,15781
Bergenfield borough,Bergen,2017,81008245,110579749,55225
Bergenfield borough,Bergen,2019,100760191,124471651,75017
Berkeley Heights township,Union,2017,90792981,110279721,49415
Berkeley Heights township,Union,2019,79471913,112226904,64235
Berkeley township,Ocean,2017,170442417,216016420,96388
Berkeley township,Ocean,2019,170884307,241315662,122401
Berlin borough,Camden,2015,31518993,65637220,30491
Berlin borough,Camden,2019,25497724,66634400,34711
Berlin township,Camden,2015,31559481,65721535,30530
Berlin township,Camden,2019,27509916,71892955,37450
Bernards township,Somerset,2017,239916939,301288132,124036
Bernards township,Somerset,2019,200800968,283562713,137445
Bernardsville borough,Somerset,2017,67349740,78136157,32798
Bernardsville borough,Somerset,2019,49203778,69483514,34946
Bethlehem township,Hunterdon,2017,43044371,63230158,27267
Bethlehem township,Hunterdon,2019,36521258,51573791,18849
Beverly city,Burlington,2015,5197721,10824075,5028
Beverly city,Burlington,2019,4217683,11022270,5742
Blairstown township,Warren,2017,36207902,51485821,19785
Blairstown township,Warren,2019,33703437,47594582,21559
Bloomfield township,Essex,2017,194330344,226572061,109723
Bloomfield township,Essex,2019,160554603,226728483,135318
Bloomingdale borough,Passaic,2017,40474734,51714695,21858
Bloomingdale borough,Passaic,2019,42834720,60489395,30785
Bloomsbury borough,Hunterdon,2017,9431146,14004923,5506
Bloomsbury borough,Hunterdon,2019,8217899,11604974,3431
Bogota borough,Bergen,2017,19457218,25664400,12229
Bogota borough,Bergen,2019,27714229,34076155,16941
Boonton town,Morris,2017,29331373,36583501,15422
Boonton town,Morris,2019,73735788,104126589,53780
Boonton township,Morris,2017,70220539,89532937,40562
Boonton township,Morris,2019,21372980,30182027,15448
Bordentown city,Burlington,2015,16124590,33578905,15599
Bordentown city,Burlington,2019,13543152,35392955,18437
Bordentown township,Burlington,2015,54053843,112565270,52291
Bordentown township,Burlington,2019,52897442,138239370,72011
Bound Brook borough,Somerset,2017,62167368,74157477,33918
Bound Brook borough,Somerset,2019,64789651,91493230,50104
Bradley Beach borough,Monmouth,2017,16400878,19800068,8593
Bradley Beach borough,Monmouth,2019,17339976,24486786,12570
Branchburg township,Somerset,2017,151686746,185963095,81917
Branchburg township,Somerset,2019,153740018,217105210,107679
Branchville borough,Sussex,2017,4988443,7425665,2857
Branchville borough,Sussex,2019,6565955,9272168,3699
Brick township,Ocean,2017,323530032,402526549,174897
Brick township,Ocean,2019,346814094,489756322,250938
Bridgeton city,Cumberland,2015,23232021,60535046,28121
Bridgeton city,Cumberland,2020,20836477,55733676,29033
Bridgewater township,Somerset,2017,426762628,504769254,224371
Bridgewater township,Somerset,2019,364312751,514467197,277551
Brielle borough,Monmouth,2017,28684742,34595379,14185
Brielle borough,Monmouth,2019,22323290,31524015,15804
Brigantine city,Atlantic,2015,8638931,20991056,9751
Brigantine city,Atlantic,2020,8602735,21297192,11094
Brooklawn borough,Camden,2015,7437184,15487680,7195
Brooklawn borough,Camden,2019,5960177,15576010,8114
Buena borough,Atlantic,2015,28405293,69019779,32062
Buena borough,Atlantic,2020,24894142,61628697,32103
Buena Vista township,Atlantic,2015,18243655,44328817,20593
Buena Vista township,Atlantic,2020,17743756,43926982,22882
Burlington city,Burlington,2015,33687821,70153730,32589
Burlington city,Burlington,2019,28748349,75129410,39136
Burlington township,Burlington,2015,113232843,235803505,109540
Burlington township,Burlington,2019,108246051,282884490,147359
Butler borough,Morris,2017,66348229,80967076,34734
Butler borough,Morris,2019,53792340,75963289,37062
Byram township,Sussex,2017,43546733,59973343,22538
Byram township,Sussex,2019,46942587,66290354,19710
Caldwell borough,Essex,2017,45453899,54004679,23907
Caldwell borough,Essex,2019,39194712,55349129,30893
Califon borough,Hunterdon,2017,6928596,8907639,3605
Califon borough,Hunterdon,2019,5409891,7639621,4038
Camden city,Camden,2015,184908283,385065145,178878
Camden city,Camden,2019,172032401,449580355,234194
Cape May city,Cape May,2015,3185208,7739485,3595
Cape May city,Cape May,2020,3818410,10915157,5686
Cape May Point borough,Cape May,2015,420535,1021825,475
Cape May Point borough,Cape May,2020,268621,767868,400
Carlstadt borough,Bergen,2017,81004193,114268121,67557
Carlstadt borough,Bergen,2019,125544432,155498843,101405
Carneys Point township,Salem,2015,44260590,120006770,55748
Carneys Point township,Salem,2020,44114662,120306273,62670
Carteret borough,Middlesex,2017,116324278,144960712,78565
Carteret borough,Middlesex,2019,139402546,196858433,121458
Cedar Grove township,Essex,2017,65373378,79862359,37045
Cedar Grove township,Essex,2019,58538310,82665348,49031
Chatham borough,Morris,2017,58085039,71361199,32488
Chatham borough,Morris,2019,52792505,74551361,40480
Chatham township,Morris,2017,62367572,75588825,33832
Chatham township,Morris,2019,40705884,57483144,33127
Cherry Hill township,Camden,2015,322652178,671912075,312130
Cherry Hill township,Camden,2019,271877444,710510095,370117
Chesilhurst borough,Camden,2015,4748496,9888580,4594
Chesilhurst borough,Camden,2019,3418086,8932645,4653
Chester borough,Morris,2017,32565096,39813797,17921
Chester borough,Morris,2019,37601558,53099344,29174
Chester township,Morris,2017,56079124,68751124,29397
Chester township,Morris,2019,39704416,56068913,28689
Chesterfield township,Burlington,2015,21078682,43895630,20391
Chesterfield township,Burlington,2019,17545049,45851300,23885
Cinnaminson township,Burlington,2015,56579702,117825285,54735
Cinnaminson township,Burlington,2019,52780401,137933500,71852
City of Orange township,Essex,2017,94591851,111548777,57105
City of Orange township,Essex,2019,85918615,121330662,69856
Clark township,Union,2017,88409479,102285056,48160
Clark township,Union,2019,79395568,112119094,66607
Clayton borough,Gloucester,2015,35022174,72932475,33880
Clayton borough,Gloucester,2019,27444831,71722865,37362
Clementon borough,Camden,2015,12962841,26994670,12540
Clementon borough,Camden,2019,11364476,29699320,15471
Cliffside Park borough,Bergen,2017,53521294,72344244,35444
Cliffside Park borough,Bergen,2019,69408532,90108499,50255
Clifton city,Passaic,2017,384143534,456342483,220883
Clifton city,Passaic,2019,406526906,574080254,347034
Clinton town,Hunterdon,2017,44600712,62657044,26463
Clinton town,Hunterdon,2019,40865686,57708808,22978
Clinton township,Hunterdon,2017,106923318,143129863,57729
Clinton township,Hunterdon,2019,81933309,115702785,48801
Closter borough,Bergen,2017,46939358,64391400,29760
Closter borough,Bergen,2019,48679354,68742946,32435
Collingswood borough,Camden,2015,31880406,66389850,30841
Collingswood borough,Camden,2019,30440282,79551020,41439
Colts Neck township,Monmouth,2017,95212936,116350170,48303
Colts Neck township,Monmouth,2019,75515963,106640477,56733
Commercial township,Cumberland,2015,8023661,20907036,9712
Commercial township,Cumberland,2020,8515553,22777511,11865
Corbin City city,Atlantic,2015,302512,735050,341
Corbin City city,Atlantic,2020,5915149,14643722,7628
Cranbury township,Middlesex,2017,77150060,98795925,46112
Cranbury township,Middlesex,2019,70978531,100232908,57023
Cranford township,Union,2017,172520426,206022876,97066
Cranford township,Union,2019,149290785,210822189,123848
Cresskill borough,Bergen,2017,44086656,57027784,26920
Cresskill borough,Bergen,2019,42925913,60618174,29084
Deal borough,Monmouth,2017,6143504,7460724,3248
Deal borough,Monmouth,2019,5595371,7901547,4288
Deerfield township,Cumberland,2015,9534986,24845054,11542
Deerfield township,Cumberland,2020,8028959,21475962,11187
Delanco township,Burlington,2015,12189010,25383195,11792
Delanco township,Burlington,2019,10362640,27081175,14107
Delaware township,Hunterdon,2017,28159143,35030669,14803
Delaware township,Hunterdon,2019,19444530,27458750,8556
Delran township,Burlington,2015,52292174,108896655,50587
Delran township,Burlington,2019,45113625,117897555,61415
Demarest borough,Bergen,2017,22239876,31178540,13384
Demarest borough,Bergen,2019,20777492,29341104,12316
Dennis township,Cape May,2015,41766000,101483906,47143
Dennis township,Cape May,2020,41030891,117289309,61098
Denville township,Morris,2017,163865512,200567750,87529
Denville township,Morris,2019,155177364,219134967,113624
Deptford township,Gloucester,2015,134189359,279444730,129813
Deptford township,Gloucester,2019,120861810,315853845,164534
Dover town,Morris,2017,107116578,130192816,59806
Dover town,Morris,2019,116381357,164348875,82403
Downe township,Cumberland,2015,2364079,6160016,2862
Downe township,Cumberland,2020,2246943,6010151,3131
Dumont borough,Bergen,2017,57991836,78699521,37770
Dumont borough,Bergen,2019,61439864,86762800,49127
Dunellen borough,Middlesex,2017,27187502,32463554,14999
Dunellen borough,Middlesex,2019,24984729,35282388,20353
Eagleswood township,Ocean,2017,15361037,19103702,8256
Eagleswood township,Ocean,2019,18390112,25969745,7662
East Amwell township,Hunterdon,2017,28312095,38175422,16050
East Amwell township,Hunterdon,2019,20744220,29294117,10391
East Brunswick township,Middlesex,2017,331279616,394972558,191003
East Brunswick township,Middlesex,2019,287979372,406672400,232377
East Greenwich township,Gloucester,2015,31590329,65785775,30560
East Greenwich township,Gloucester,2019,32989636,86213365,44910
East Hanover township,Morris,2017,178091768,217907695,106849
East Hanover township,Morris,2019,155432579,219495373,126659
East Newark borough,Hudson,2017,9515055,11461319,6582
East Newark borough,Hudson,2019,5526315,7804031,3719
East Orange city,Essex,2017,194101517,225748897,109359
East Orange city,Essex,2019,176479220,249216556,141003
East Rutherford borough,Bergen,2017,108921401,143669893,76658
East Rutherford borough,Bergen,2019,138506703,195593361,110861
East Windsor township,Mercer,2015,120475825,250886765,116547
East Windsor township,Mercer,2019,91258276,238489540,124233
Eastampton township,Burlington,2015,16727003,34833410,16182
Eastampton township,Burlington,2019,13678909,35747735,18622
Eatontown borough,Monmouth,2017,137366244,164155104,74987
Eatontown borough,Monmouth,2019,166257388,234781714,130566
Edgewater borough,Bergen,2017,58635102,78804320,37503
Edgewater borough,Bergen,2019,62709363,88555531,49707
Edgewater Park township,Burlington,2015,24191004,50376935,23402
Edgewater Park township,Burlington,2019,20892044,54598160,28441
Edison township,Middlesex,2017,895706503,1109091568,548751
Edison township,Middlesex,2019,793062657,1119929841,623144
Egg Harbor City city,Atlantic,2015,17568759,42688939,19831
Egg Harbor City city,Atlantic,2020,15328548,37947820,19768
Egg Harbor township,Atlantic,2015,182103368,442478596,205549
Egg Harbor township,Atlantic,2020,180623676,447157475,232932
Elizabeth city,Union,2017,652550241,859933251,548855
Elizabeth city,Union,2019,921730905,1301629756,587312
Elk township,Gloucester,2015,16935578,35267760,16383
Elk township,Gloucester,2019,14485489,37855610,19720
Elmer borough,Salem,2015,2983450,8089232,3758
Elmer borough,Salem,2020,4214199,11492654,5987
Elmwood Park borough,Bergen,2017,105450760,132668320,61690
Elmwood Park borough,Bergen,2019,130371301,184104886,100903
Elsinboro township,Salem,2015,1298658,3521140,1636
Elsinboro township,Salem,2020,1342122,3660136,1907
Emerson borough,Bergen,2017,34266914,46845353,21950
Emerson borough,Bergen,2019,38648327,54577546,34427
Englewood city,Bergen,2017,155707160,201597573,96900
Englewood city,Bergen,2019,148443942,209626312,121606
Englewood Cliffs borough,Bergen,2017,71601550,89755166,40939
Englewood Cliffs borough,Bergen,2019,49844008,70387621,30928
Englishtown borough,Monmouth,2017,15695020,18406392,7813
Englishtown borough,Monmouth,2019,12598792,17791486,9007
Essex Fells borough,Essex,2017,9327023,11064540,4713
Essex Fells borough,Essex,2019,6400572,9038618,4726
Estell Manor city,Atlantic,2015,11206283,27229263,12649
Estell Manor city,Atlantic,2020,11845393,29324816,15276
Evesham township,Burlington,2015,161666382,336664685,156394
Evesham township,Burlington,2019,133994060,350172970,182411
Ewing township,Mercer,2015,135939110,283088525,131506
Ewing township,Mercer,2019,122439775,319977615,166682
Fair Haven borough,Monmouth,2017,23867969,28340101,12507
Fair Haven borough,Monmouth,2019,17528613,24753173,15514
Fair Lawn borough,Bergen,2017,167107433,212577299,96902
Fair Lawn borough,Bergen,2019,183190086,258693360,148757
Fairfield township,Cumberland,2015,12314040,32086361,14905
Fairfield township,Cumberland,2020,13275341,35509051,18497
Fairfield township,Essex,2017,210491629,250500526,117905
Fairfield township,Essex,2019,189239853,267236588,161553
Fairview borough,Bergen,2017,33800082,44608605,23631
Fairview borough,Bergen,2019,41802359,59031542,35819
Fanwood borough,Union,2017,24436597,29588099,14184
Fanwood borough,Union,2019,25862945,36522568,21595
Far Hills borough,Somerset,2017,8772759,11811792,4900
Far Hills borough,Somerset,2019,7736266,10924833,5222
Farmingdale borough,Monmouth,2017,23380958,27778067,13759
Farmingdale borough,Monmouth,2019,22480858,31746525,16086
Fieldsboro borough,Burlington,2015,1835985,3823375,1776
Fieldsboro borough,Burlington,2019,1754924,4586225,2389
Flemington borough,Hunterdon,2017,109142435,135925157,60826
Flemington borough,Hunterdon,2019,107697494,152085885,54631
Florence township,Burlington,2015,41989276,87441225,40620
Florence township,Burlington,2019,51650769,134981380,70314
Florham Park borough,Morris,2017,162202049,195586447,84876
Florham Park borough,Morris,2019,164430764,232202234,114647
Folsom borough,Atlantic,2015,39901668,96953913,45039
Folsom borough,Atlantic,2020,30007692,74287956,38698
Fort Lee borough,Bergen,2017,166899432,224632170,105222
Fort Lee borough,Bergen,2019,167342750,236314418,105330
Frankford township,Sussex,2017,38505352,53654722,22813
Frankford township,Sussex,2019,41550677,58676125,24971
Franklin borough,Sussex,2017,31553548,42094139,16758
Franklin borough,Sussex,2019,44224732,62452314,23301
Franklin Lakes borough,Bergen,2017,111077431,147757571,63561
Franklin Lakes borough,Bergen,2019,108320824,152966127,71973
Franklin township,Gloucester,2015,72117829,150182900,69766
Franklin township,Gloucester,2019,53652765,140213290,73039
Franklin township,Hunterdon,2017,32333194,42036229,18142
Franklin township,Hunterdon,2019,27060841,38214185,20446
Franklin township,Somerset,2017,447454774,532364963,254553
Franklin township,Somerset,2019,399594245,564290245,322086
Franklin township,Warren,2017,23818140,31921732,12153
Franklin township,Warren,2019,14288565,20177713,9974
Fredon township,Sussex,2017,19804660,27220571,11303
Fredon township,Sussex,2019,21965270,31018433,10461
Freehold borough,Monmouth,2017,56127597,67207667,29592
Freehold borough,Monmouth,2019,65819479,92947511,42253
Freehold township,Monmouth,2017,353458196,427190968,192968
Freehold township,Monmouth,2019,333993999,471652329,217594
Frelinghuysen township,Warren,2017,14628622,21596693,8114
Frelinghuysen township,Warren,2019,7836138,11065866,5398
Frenchtown borough,Hunterdon,2017,16935849,21430178,8888
Frenchtown borough,Hunterdon,2019,10095666,14256676,5608
Galloway township,Atlantic,2015,144729550,351666906,163363
Galloway township,Atlantic,2020,121908963,301801543,157214
Garfield city,Bergen,2017,96551087,125119984,60744
Garfield city,Bergen,2019,125208124,176813666,100936
Garwood borough,Union,2017,25599690,31563975,16259
Garwood borough,Union,2019,24054634,33968946,21118
Gibbsboro borough,Camden,2015,9665605,20128290,9350
Gibbsboro borough,Camden,2019,10624797,27766280,14464
Glassboro borough,Gloucester,2015,80000031,166597315,77391
Glassboro borough,Gloucester,2019,69997649,182928145,95290
Glen Gardner borough,Hunterdon,2017,11522438,14033738,5469
Glen Gardner borough,Hunterdon,2019,8081276,11412039,5702
Glen Ridge borough,Essex,2017,22779459,27026047,12691
Glen Ridge borough,Essex,2019,14881448,21014955,12477
Glen Rock borough,Bergen,2017,51611894,67414200,31391
Glen Rock borough,Bergen,2019,45149520,63758258,39878
Gloucester City city,Camden,2015,33492041,69746025,32400
Gloucester City city,Camden,2019,31582484,82535990,42994
Gloucester township,Camden,2015,214758326,447226835,207755
Gloucester township,Camden,2019,182643510,477310865,248639
Green Brook township,Sussex,2017,19569440,25995469,10108
Green Brook township,Sussex,2019,49961002,70552833,39108
Green township,Somerset,2017,52007386,60415057,27231
Green township,Somerset,2019,16613539,23460946,7482
Greenwich township,Cumberland,2015,1104043,2876775,1336
Greenwich township,Cumberland,2020,1165002,3116163,1623
Greenwich township,Gloucester,2015,22761127,47399265,22019
Greenwich township,Gloucester,2019,20913832,54655100,28471
Greenwich township,Warren,2017,43946895,63781129,24855
Greenwich township,Warren,2019,30098321,42503588,15890
Guttenberg town,Hudson,2017,28020512,35118296,16601
Guttenberg town,Hudson,2019,16743050,23643835,13672
Hackensack city,Bergen,2017,335358418,429446691,204769
Hackensack city,Bergen,2019,374985535,529538853,304122
Hackettstown town,Warren,2017,90963135,122993372,49284
Hackettstown town,Warren,2019,77394168,109292800,54007
Haddon Heights borough,Camden,2015,23152862,48215040,22398
Haddon Heights borough,Camden,2019,22246401,58137565,30285
Haddon township,Camden,2015,36373179,75745895,35187
Haddon township,Camden,2019,34566902,90335310,47057
Haddonfield borough,Camden,2015,35927635,74818065,34756
Haddonfield borough,Camden,2019,35347924,92376390,48120
Hainesport township,Burlington,2015,24762044,51566105,23955
Hainesport township,Burlington,2019,21789828,56944380,29663
Haledon borough,Passaic,2017,24390050,30006666,14510
Haledon borough,Passaic,2019,24282265,34290397,20002
Hamburg borough,Sussex,2017,19410731,27374742,11604
Hamburg borough,Sussex,2019,21619593,30530282,13869
Hamilton township,Atlantic,2015,186831243,453966485,210886
Hamilton township,Atlantic,2020,216942466,537069377,279769
Hamilton township,Mercer,2015,344705203,717836740,333464
Hamilton township,Mercer,2019,309838549,809715635,421795
Hammonton town,Atlantic,2015,105905357,257331064,119541
Hammonton town,Atlantic,2020,108959287,269742930,140514
Hampton borough,Hunterdon,2017,10685367,13121444,5277
Hampton borough,Hunterdon,2019,7949323,11225701,5469
Hampton township,Sussex,2017,28557946,38449190,16952
Hampton township,Sussex,2019,28514196,40266552,18412
Hanover township,Morris,2017,172696329,213688686,97184
Hanover township,Morris,2019,172529322,243638680,135490
Harding township,Morris,2017,24848623,33120027,14358
Harding township,Morris,2019,17488160,24696045,13658
Hardwick township,Warren,2017,30424568,42205262,16705
Hardwick township,Warren,2019,5975972,8439017,4221
Hardyston township,Sussex,2017,44013017,60798005,23479
Hardyston township,Sussex,2019,43454876,61365154,28463
Harmony township,Warren,2017,17066427,22742803,9302
Harmony township,Warren,2019,12136706,17138948,9121
Harrington Park borough,Bergen,2017,24510467,33706484,14791
Harrington Park borough,Bergen,2019,24806587,35030820,17570
Harrison town,Hudson,2017,78533370,97301177,48263
Harrison town,Hudson,2019,49571015,70002112,36287
Harrison township,Gloucester,2015,45453197,94654720,43971
Harrison township,Gloucester,2019,47344955,123728795,64452
Harvey Cedars borough,Ocean,2017,3674124,4841320,1877
Harvey Cedars borough,Ocean,2019,2678778,3782858,1555
Hasbrouck Heights borough,Bergen,2017,46628192,61630879,28538
Hasbrouck Heights borough,Bergen,2019,55101690,77812298,44658
Haworth borough,Bergen,2017,15863989,21602636,10000
Haworth borough,Bergen,2019,15714260,22191020,13647
Hawthorne borough,Passaic,2017,88643650,110545753,55143
Hawthorne borough,Passaic,2019,93790604,132447158,74922
Hazlet township,Monmouth,2017,103460827,123280601,54456
Hazlet township,Monmouth,2019,107909862,152385786,82436
Helmetta borough,Middlesex,2017,10805514,12882377,5674
Helmetta borough,Middlesex,2019,9950713,14051981,7460
High Bridge borough,Hunterdon,2017,29165206,36466223,15093
High Bridge borough,Hunterdon,2019,20056529,28322990,13770
Highland Park borough,Middlesex,2017,56027790,65755052,30772
Highland Park borough,Middlesex,2019,56124820,79257117,41875
Highlands borough,Monmouth,2017,20043105,24212622,10449
Highlands borough,Monmouth,2019,23015682,32501782,18049
Hightstown borough,Mercer,2015,20702020,43111245,20027
Hightstown borough,Mercer,2019,16518911,43169645,22488
Hillsborough township,Somerset,2017,239458814,300839561,132726
Hillsborough township,Somerset,2019,215776696,304710806,154944
Hillsdale borough,Bergen,2017,46253936,59386389,27242
Hillsdale borough,Bergen,2019,46000818,64960427,36911
Hillside township,Union,2017,92115072,109557973,57663
Hillside township,Union,2019,104399978,147429275,87518
Hi-Nella borough,Camden,2015,2003546,4172315,1938
Hi-Nella borough,Camden,2019,2482173,6486780,3379
Hoboken city,Hudson,2017,232781836,288187012,136265
Hoboken city,Hudson,2019,118345218,167122156,101897
Ho-Ho-Kus borough,Bergen,2017,22010534,28352205,12485
Ho-Ho-Kus borough,Bergen,2019,18615475,26287994,13880
Holland township,Hunterdon,2017,37582354,47496111,19453
Holland township,Hunterdon,2019,25730413,36335412,15299
Holmdel township,Monmouth,2017,144606837,167855917,72538
Holmdel township,Monmouth,2019,131862525,186210731,99064
Hopatcong borough,Sussex,2017,90608752,116748604,46307
Hopatcong borough,Sussex,2019,81446080,115014742,36290
Hope township,Warren,2017,16764074,24293538,9474
Hope township,Warren,2019,10473184,14789792,7065
Hopewell borough,Mercer,2015,8743494,18208025,8458
Hopewell borough,Mercer,2019,8081728,21120360,11002
Hopewell township,Cumberland,2015,7749904,20193716,9381
Hopewell township,Cumberland,2020,7814813,20903161,10889
Hopewell township,Mercer,2015,94634275,197072625,91548
Hopewell township,Mercer,2019,84634259,221178685,115216
Howell township,Monmouth,2017,351644455,422482227,183610
Howell township,Monmouth,2019,305686395,431677512,208146
Independence township,Warren,2017,29791346,40375113,15805
Independence township,Warren,2019,19713257,27838235,13531
Interlaken borough,Monmouth,2017,3480110,4104486,1640
Interlaken borough,Monmouth,2019,2111371,2981589,1630
Irvington township,Essex,2017,141491492,166022397,79736
Irvington township,Essex,2019,138742374,195926169,111194
Island Heights borough,Ocean,2017,7590380,9011922,3684
Island Heights borough,Ocean,2019,6584402,9298216,4655
Jackson township,Ocean,2017,339323454,426046215,184512
Jackson township,Ocean,2019,325934404,460270907,170405
Jamesburg borough,Middlesex,2017,42242751,50407095,22192
Jamesburg borough,Middlesex,2019,38914470,54953385,24641
Jefferson township,Morris,2017,153623640,190477923,78031
Jefferson township,Morris,2019,119799588,169175955,88682
Jersey City city,Hudson,2017,1522663383,1878236085,861958
Jersey City city,Hudson,2019,705043095,995632309,573525
Keansburg borough,Monmouth,2017,41551112,48148483,20995
Keansburg borough,Monmouth,2019,26132069,36902614,19665
Kearny town,Hudson,2017,255134006,321933497,190275
Kearny town,Hudson,2019,163038933,230236743,139314
Kenilworth borough,Union,2017,137965390,158416403,78918
Kenilworth borough,Union,2019,113674547,160526432,94250
Keyport borough,Monmouth,2017,37886902,46131366,20670
Keyport borough,Monmouth,2019,47524566,67112201,34019
Kingwood township,Hunterdon,2017,32085724,39751291,16680
Kingwood township,Hunterdon,2019,21356520,30158782,10966
Kinnelon borough,Morris,2017,71261144,89960824,37997
Kinnelon borough,Morris,2019,48610288,68645414,34978
Knowlton township,Warren,2017,27919225,40862981,16006
Knowlton township,Warren,2019,16932207,23910953,8134
Lacey township,Ocean,2017,158920409,198756755,84382
Lacey township,Ocean,2019,133263246,188188773,90315
Lafayette township,Sussex,2017,20544485,28685355,11963
Lafayette township,Sussex,2019,24270690,34274050,14429
Lake Como borough,Monmouth,2017,7547752,8784640,3722
Lake Como borough,Monmouth,2019,6736171,9512538,5016
Lakehurst borough,Ocean,2017,19540232,24408789,10219
Lakehurst borough,Ocean,2019,18516707,26148517,10930
Lakewood township,Ocean,2017,335884417,415483398,195245
Lakewood township,Ocean,2019,423830733,598515992,278906
Lambertville city,Hunterdon,2017,64325991,79335022,33331
Lambertville city,Hunterdon,2019,30690901,43340405,8973
Laurel Springs borough,Camden,2015,4331522,9020245,4190
Laurel Springs borough,Camden,2019,3973405,10383885,5409
Lavallette borough,Ocean,2017,10074874,12415382,5194
Lavallette borough,Ocean,2019,7451741,10523036,5730
Lawnside borough,Camden,2015,13524240,28163765,13083
Lawnside borough,Camden,2019,13131551,34317300,17876
Lawrence township,Cumberland,2015,7955513,20729463,9630
Lawrence township,Cumberland,2020,8957811,23960467,12481
Lawrence township,Mercer,2015,173705008,361734710,168040
Lawrence township,Mercer,2019,157452636,411478370,214346
Lebanon borough,Hunterdon,2017,26457001,34830156,14107
Lebanon borough,Hunterdon,2019,26544038,37484377,18965
Lebanon township,Hunterdon,2017,37045881,46311938,19000
Lebanon township,Hunterdon,2019,26641096,37621440,19201
Leonia borough,Bergen,2017,28853146,40981901,19555
Leonia borough,Bergen,2019,34963222,49373594,23441
Liberty township,Warren,2017,16711923,22785742,9679
Liberty township,Warren,2019,10406393,14695473,7712
Lincoln Park borough,Morris,2017,85148767,103659438,48656
Lincoln Park borough,Morris,2019,69760600,98512995,53594
Linden city,Union,2017,209512955,280426903,162024
Linden city,Union,2019,223735130,315949375,198088
Lindenwold borough,Camden,2015,39315662,81873515,38034
Lindenwold borough,Camden,2019,33998455,88849760,46283
Linwood city,Atlantic,2015,29959480,72796176,33817
Linwood city,Atlantic,2020,18489811,45773940,23844
Little Egg Harbor township,Ocean,2017,85013636,110703312,44304
Little Egg Harbor township,Ocean,2019,110843862,156529054,46922
Little Falls township,Passaic,2017,76500878,89963740,44171
Little Falls township,Passaic,2019,75376473,106443493,61014
Little Ferry borough,Bergen,2017,43282580,56588709,27585
Little Ferry borough,Bergen,2019,53787585,75956572,41249
Little Silver borough,Monmouth,2017,32461223,38137818,16837
Little Silver borough,Monmouth,2019,28355725,40042766,24120
Livingston township,Essex,2017,254636436,303192682,132599
Livingston township,Essex,2019,208092810,293859944,154499
Loch Arbour village,Monmouth,2017,1093605,1337686,545
Loch Arbour village,Monmouth,2019,606651,856687,456
Lodi borough,Bergen,2017,81452070,104017930,51336
Lodi borough,Bergen,2019,106775040,150783235,83288
Logan township,Gloucester,2015,55504402,115586010,53694
Logan township,Gloucester,2019,61042998,159526535,83100
Long Beach township,Ocean,2017,19813647,26397356,10389
Long Beach township,Ocean,2019,21474896,30325950,9965
Long Branch city,Monmouth,2017,146459703,172403956,75653
Long Branch city,Monmouth,2019,143597738,202782705,113694
Long Hill township,Morris,2017,68469629,85066443,39093
Long Hill township,Morris,2019,56318043,79529978,44685
Longport borough,Atlantic,2015,3384863,8224610,3821
Longport borough,Atlantic,2020,3345275,8281666,4314
Lopatcong township,Warren,2017,60380852,80880426,32712
Lopatcong township,Warren,2019,40255166,56846659,24865
Lower Alloways Creek township,Salem,2015,17246959,46762863,21723
Lower Alloways Creek township,Salem,2020,9372105,25558917,13314
Lower township,Cape May,2015,39925652,97012190,45066
Lower township,Cape May,2020,36598359,104618643,54498
Lumberton township,Burlington,2015,46544797,96927940,45027
Lumberton township,Burlington,2019,42764695,111758985,58217
Lyndhurst township,Bergen,2017,98771962,143112264,69455
Lyndhurst township,Bergen,2019,127935136,180664635,112283
Madison borough,Morris,2017,125061176,150368307,67184
Madison borough,Morris,2019,111147098,156957273,81661
Magnolia borough,Camden,2015,10856059,22607370,10502
Magnolia borough,Camden,2019,9967800,26049320,13570
Mahwah township,Bergen,2017,250533280,337686630,168189
Mahwah township,Bergen,2019,241440021,340951480,149204
Manalapan township,Monmouth,2017,250481961,301000470,128806
Manalapan township,Monmouth,2019,187182665,264331516,134824
Manasquan borough,Monmouth,2017,36104454,42674649,17831
Manasquan borough,Monmouth,2019,25916476,36598162,19391
Manchester township,Ocean,2017,186017468,233461910,102592
Manchester township,Ocean,2019,204516248,288809275,119373
Mannington township,Salem,2015,8304730,22517183,10460
Mannington township,Salem,2020,12051259,32865311,17120
Mansfield township,Burlington,2015,31877602,66384010,30838
Mansfield township,Burlington,2019,31026188,81082195,42237
Mansfield township,Warren,2017,41450214,56981992,22965
Mansfield township,Warren,2019,30994093,43768560,22712
Mantoloking borough,Ocean,2017,1719695,2013562,778
Mantoloking borough,Ocean,2019,992013,1400881,747
Mantua township,Gloucester,2015,58572381,121974970,56662
Mantua township,Gloucester,2019,52332626,136763310,71242
Manville borough,Somerset,2017,41056076,49593843,22892
Manville borough,Somerset,2019,45989677,64944693,38590
Maple Shade township,Burlington,2015,53315242,111027160,51577
Maple Shade township,Burlington,2019,47576245,124333235,64767
Maplewood township,Essex,2017,95779786,115190016,53028
Maplewood township,Essex,2019,76965062,108686833,62449
Margate City city,Atlantic,2015,7695532,18698765,8686
Margate City city,Atlantic,2020,8947427,22150524,11539
Marlboro township,Monmouth,2017,244314361,299619635,125358
Marlboro township,Monmouth,2019,204228492,288402915,164085
Matawan borough,Monmouth,2017,66078230,77000069,33393
Matawan borough,Monmouth,2019,60328906,85193948,44453
Maurice River township,Cumberland,2015,26224216,68331728,31743
Maurice River township,Cumberland,2020,30009518,80269844,41814
Maywood borough,Bergen,2017,36771846,48721239,23166
Maywood borough,Bergen,2019,43548805,61497797,34571
Medford Lakes borough,Burlington,2015,11155776,23231520,10792
Medford Lakes borough,Burlington,2019,8328521,21765315,11338
Medford township,Burlington,2015,85767038,178606910,82970
Medford township,Burlington,2019,72056490,188308610,98093
Mendham borough,Morris,2017,28704685,35129623,14923
Mendham borough,Morris,2019,33520130,47335721,24942
Mendham township,Morris,2017,43128993,52426316,22351
Mendham township,Morris,2019,25087371,35427333,17750
Merchantville borough,Camden,2015,9062841,18873055,8767
Merchantville borough,Camden,2019,8286202,21654720,11280
Metuchen borough,Middlesex,2017,85850390,100604370,49054
Metuchen borough,Middlesex,2019,74929608,105812455,57766
Middle township,Cape May,2015,114040600,277098249,128723
Middle township,Cape May,2020,99336807,283960330,147920
Middlesex borough,Middlesex,2017,86099052,104212131,51125
Middlesex borough,Middlesex,2019,92458854,130566518,84609
Middletown township,Monmouth,2017,341051082,404542172,174720
Middletown township,Monmouth,2019,322552595,455495249,257881
Midland Park borough,Bergen,2017,46662334,61962124,29432
Midland Park borough,Bergen,2019,47463355,67025762,40633
Milford borough,Hunterdon,2017,13339294,17020189,7783
Milford borough,Hunterdon,2019,7588467,10716115,4664
Millburn township,Essex,2017,208916588,245285159,110316
Millburn township,Essex,2019,154055899,217551283,124499
Millstone borough,Somerset,2017,1591867,1941775,836
Millstone borough,Somerset,2019,1435551,2027223,1128
Millstone township,Monmouth,2017,72173829,87757769,35666
Millstone township,Monmouth,2019,56591135,79915630,27584
Milltown borough,Middlesex,2017,30613132,41016273,19567
Milltown borough,Middlesex,2019,49094909,69329774,40338
Millville city,Cumberland,2015,62203196,162081179,75293
Millville city,Cumberland,2020,59134111,158172677,82395
Mine Hill township,Morris,2017,19424473,23521636,9742
Mine Hill township,Morris,2019,17495104,24705852,12526
Monmouth Beach borough,Monmouth,2017,16471526,19525811,8687
Monmouth Beach borough,Monmouth,2019,13393687,18914002,10898
Monroe township,Gloucester ,2015,133456543,277918665,129104
Monroe township,Gloucester ,2019,105117077,274707395,143100
Monroe township,Middlesex,2017,217445381,267145700,121664
Monroe township,Middlesex,2019,181754854,256666590,130570
Montague township,Sussex,2017,16388403,23246647,9414
Montague township,Sussex,2019,22642691,31975061,6462
Montclair township,Essex,2017,269117295,319026830,149539
Montclair township,Essex,2019,200996687,283839096,170480
Montgomery township,Somerset,2017,167089516,219173733,95656
Montgomery township,Somerset,2019,125759698,177592577,73428
Montvale borough,Bergen,2017,65517322,84338967,39934
Montvale borough,Bergen,2019,64980272,91762416,35847
Montville township,Morris,2017,187484357,233875468,104877
Montville township,Morris,2019,169273034,239040282,129681
Moonachie borough,Bergen,2017,41663697,58286150,31629
Moonachie borough,Bergen,2019,52632445,74325332,52509
Moorestown township,Burlington,2015,127504447,265523630,123346
Moorestown township,Burlington,2019,97520973,254856140,132759
Morris Plains borough,Morris,2017,71185071,85472481,37773
Morris Plains borough,Morris,2019,69204477,97727664,49978
Morris township,Morris,2017,155332405,193815258,84596
Morris township,Morris,2019,125300219,176943716,90430
Morristown town,Morris,2017,279911823,347205418,149971
Morristown town,Morris,2019,313938694,443331064,218184
Mount Arlington borough,Morris,2017,44139628,56306683,23505
Mount Arlington borough,Morris,2019,39487484,55762570,27955
Mount Ephraim borough,Camden,2015,12463137,25954055,12057
Mount Ephraim borough,Camden,2019,11857922,30988865,16143
Mount Holly township,Burlington,2015,42290921,88069390,40912
Mount Holly township,Burlington,2019,37382323,97692980,50890
Mount Laurel township,Burlington,2015,198133682,412606585,191672
Mount Laurel township,Burlington,2019,183376346,479226020,249637
Mount Olive township,Morris,2017,206535909,253312056,106855
Mount Olive township,Morris,2019,203007690,286678948,143908
Mountain Lakes borough,Morris,2017,45751164,54976202,23214
Mountain Lakes borough,Morris,2019,38346974,54151990,27131
Mountainside borough,Union,2017,60235677,71428454,36018
Mountainside borough,Union,2019,61527102,86885995,57670
Mullica township,Atlantic,2015,57076238,138685044,64425
Mullica township,Atlantic,2020,51941024,128586782,66983
National Park borough,Gloucester,2015,8272360,17226905,8003
National Park borough,Gloucester,2019,7489258,19572030,10195
Neptune City borough,Monmouth,2017,187076140,222537624,94483
Neptune City borough,Monmouth,2019,23661854,33414279,17295
Neptune township,Monmouth,2017,25576406,30449649,12818
Neptune township,Monmouth,2019,187794703,265195814,133571
Netcong borough,Morris,2017,30420995,38589751,16419
Netcong borough,Morris,2019,39457362,55720031,25332
New Brunswick city,Middlesex,2017,372134395,432696397,199147
New Brunswick city,Middlesex,2019,344058399,485864849,240723
New Hanover township,Burlington,2015,23109745,48125250,22356
New Hanover township,Burlington,2019,26197459,68463050,35664
New Milford borough,Bergen,2017,54360463,73498809,35883
New Milford borough,Bergen,2019,55629991,78558342,51117
New Providence borough,Union,2017,86800027,107641643,49356
New Providence borough,Union,2019,79452207,112199075,65095
Newark city,Essex,2017,1491660841,1833643945,1024969
Newark city,Essex,2019,1726980607,2438769639,1194028
Newfield borough,Gloucester,2015,6979897,14535395,6752
Newfield borough,Gloucester,2019,6538820,17088205,8902
Newton town,Sussex,2017,51929608,68462541,28243
Newton town,Sussex,2019,65637465,92690477,39085
North Arlington borough,Bergen,2017,42899182,63267626,31643
North Arlington borough,Bergen,2019,57973130,81867226,49919
North Bergen township,Hudson,2017,339375672,417953565,207933
North Bergen township,Hudson,2019,190713035,269316953,165007
North Brunswick township,Middlesex,2017,278047697,351911603,169446
North Brunswick township,Middlesex,2019,268632235,379351181,207732
North Caldwell borough,Essex,2017,26767370,32200834,13650
North Caldwell borough,Essex,2019,16716706,23606631,13204
North Haledon borough,Passaic,2017,34084761,42546619,19926
North Haledon borough,Passaic,2019,33208024,46894980,26439
North Hanover township,Burlington,2015,22314531,46469245,21587
North Hanover township,Burlington,2019,17544211,45849110,23884
North Plainfield borough,Somerset,2017,78721486,92886869,42659
North Plainfield borough,Somerset,2019,84392419,119175435,68259
North Wildwood city,Cape May,2015,4866810,11825478,5493
North Wildwood city,Cape May,2020,5301548,15154799,7894
Northfield city,Atlantic,2015,39865048,96864933,44998
Northfield city,Atlantic,2020,34591674,85636201,44609
Northvale borough,Bergen,2017,14167225,19207661,8853
Northvale borough,Bergen,2019,28902112,40814351,17332
Norwood borough,Bergen,2017,25718978,35117611,15863
Norwood borough,Bergen,2019,27664177,39066190,14575
Nutley township,Essex,2017,138769081,167816923,78503
Nutley township,Essex,2019,115905642,163677088,97541
Oakland borough,Bergen,2017,100698301,132641530,57868
Oakland borough,Bergen,2019,109926027,155232927,76289
Oaklyn borough,Camden,2015,9459834,19699780,9151
Oaklyn borough,Camden,2019,8577269,22415380,11677
Ocean City city,Cape May,2015,36229813,88031963,40894
Ocean City city,Cape May,2020,23372423,66811500,34803
Ocean Gate borough,Ocean,2017,7750729,10180532,4294
Ocean Gate borough,Ocean,2019,6730712,9504829,4837
Ocean township,Monmouth,2017,160510683,191009405,81036
Ocean township,Monmouth,2019,165108027,233158635,126412
Ocean township,Ocean,2017,49377054,61092405,25003
Ocean township,Ocean,2019,39782307,56178906,23295
Oceanport borough,Monmouth,2017,50061376,58649963,25132
Oceanport borough,Monmouth,2019,52917429,74727776,40861
Ogdensburg borough,Sussex,2017,13747093,17532347,6626
Ogdensburg borough,Sussex,2019,21458630,30302977,11363
Old Bridge township,Middlesex,2017,317766122,377812957,165846
Old Bridge township,Middlesex,2019,303950606,429226308,243734
Old Tappan borough,Bergen,2017,29183351,40347371,17813
Old Tappan borough,Bergen,2019,25262803,35675069,12269
Oldmans township,Salem,2015,31620078,85733684,39827
Oldmans township,Salem,2020,31258908,85247003,44407
Oradell borough,Bergen,2017,43203631,58280478,27863
Oradell borough,Bergen,2019,41292723,58311851,37219
Oxford township,Warren,2017,21807365,29837737,11809
Oxford township,Warren,2019,16647106,23508345,10916
Palisades Park borough,Bergen,2017,51002531,67867847,31975
Palisades Park borough,Bergen,2019,84621836,119499410,56558
Palmyra borough,Burlington,2015,18987149,39540085,18368
Palmyra borough,Burlington,2019,16519888,43172200,22489
Paramus borough,Bergen,2017,440705649,543109040,257302
Paramus borough,Bergen,2019,433354149,611964572,356348
Park Ridge borough,Bergen,2017,40094336,54189769,24547
Park Ridge borough,Bergen,2019,44113505,62295240,28093
Parsippany-Troy Hills township,Morris,2017,596112672,731855667,322917
Parsippany-Troy Hills township,Morris,2019,546961301,772395820,411389
Passaic city,Passaic,2017,177018416,219970157,112591
Passaic city,Passaic,2019,195881028,276614975,159561
Paterson city,Passaic,2017,493579898,605667701,291080
Paterson city,Passaic,2019,535688917,756477442,418553
Paulsboro borough,Gloucester,2015,19066197,39704700,18444
Paulsboro borough,Gloucester,2019,19040889,49760450,25921
Peapack and Gladstone borough,Somerset,2017,32944752,39202637,16716
Peapack and Gladstone borough,Somerset,2019,21908308,30937994,15926
Pemberton borough,Burlington,2015,5255911,10945255,5085
Pemberton borough,Burlington,2019,4057904,10604710,5524
Pemberton township,Burlington,2015,92951128,193567530,89920
Pemberton township,Burlington,2019,76046655,198736295,103525
Pennington borough,Mercer,2015,14294915,29768670,13829
Pennington borough,Mercer,2019,11496183,30043515,15650
Penns Grove borough,Salem,2015,4389399,11901278,5529
Penns Grove borough,Salem,2020,3902541,10642723,5544
Pennsauken township,Camden,2015,120285478,250490375,116363
Pennsauken township,Camden,2019,108468262,283465205,147662
Pennsville township,Salem,2015,40688846,110322454,51249
Pennsville township,Salem,2020,36417179,99314261,51734
Pequannock township,Morris,2017,124001363,156260243,68652
Pequannock township,Morris,2019,109046017,153990215,78161
Perth Amboy city,Middlesex,2017,220386412,263760787,123768
Perth Amboy city,Middlesex,2019,219000121,309262788,160243
Phillipsburg town,Warren,2017,79896131,106459058,41471
Phillipsburg town,Warren,2019,61043071,86202466,35633
Pilesgrove township,Salem,2015,32536201,88217631,40981
Pilesgrove township,Salem,2020,33262078,90709902,47252
Pine Beach borough,Ocean,2017,7708694,10025104,4273
Pine Beach borough,Ocean,2019,7180944,10140628,5289
Pine Hill borough,Camden,2015,23812590,49588900,23036
Pine Hill borough,Camden,2019,21238420,55503360,28913
Pine Valley borough,Camden,2015,590319,1229320,571
Pine Valley borough,Camden,2019,580459,1516940,790
Piscataway township,Middlesex,2017,509882854,601294556,277775
Piscataway township,Middlesex,2019,438959707,619880498,350118
Pitman borough,Gloucester,2015,28534269,59421635,27604
Pitman borough,Gloucester,2019,22444450,58655135,30554
Pittsgrove township,Salem,2015,31839167,86327714,40103
Pittsgrove township,Salem,2020,28512067,77756020,40504
Plainfield city,Union,2017,153486485,189234974,90488
Plainfield city,Union,2019,171257921,241843260,147980
Plainsboro township,Middlesex,2017,257768521,311493731,132297
Plainsboro township,Middlesex,2019,193306612,272979493,75512
Pleasantville city,Atlantic,2015,44389027,107857391,50104
Pleasantville city,Atlantic,2020,64535289,159765528,83225
Plumsted township,Ocean,2017,53745727,68751118,28589
Plumsted township,Ocean,2019,55681495,78631074,22039
Pohatcong township,Warren,2017,25992448,36532519,13939
Pohatcong township,Warren,2019,23380029,33016298,20428
Point Pleasant Beach borough,Ocean,2017,29007194,36015881,15895
Point Pleasant Beach borough,Ocean,2019,35055681,49504163,25455
Point Pleasant borough,Ocean,2017,79398464,99106291,43821
Point Pleasant borough,Ocean,2019,79378541,112095047,59680
Pompton Lakes borough,Passaic,2017,51001614,66116766,29583
Pompton Lakes borough,Passaic,2019,57249810,80845782,40549
Port Republic city,Atlantic,2015,21786077,52936269,24591
Port Republic city,Atlantic,2020,21362437,52885500,27549
Princeton,Mercer,2015,137939325,287253905,133441
Princeton,Mercer,2019,108411138,283315920,147584
Prospect Park borough,Passaic,2017,14195032,17424870,8243
Prospect Park borough,Passaic,2019,14156303,19990939,11449
Quinton township,Salem,2015,19066545,51696430,24015
Quinton township,Salem,2020,15070059,41097960,21409
Rahway city,Union,2017,128469215,172405159,84146
Rahway city,Union,2019,140646714,198615391,111353
Ramsey borough,Bergen,2017,140567630,180742355,80747
Ramsey borough,Bergen,2019,136541621,192818353,75498
Randolph township,Morris,2017,188952428,225544351,97082
Randolph township,Morris,2019,171509763,242198895,129275
Raritan borough,Hunterdon,2017,169027160,216125475,94879
Raritan borough,Hunterdon,2019,86758797,122517138,62124
Raritan township,Somerset,2017,93016245,113037170,50132
Raritan township,Somerset,2019,147922443,208889873,84919
Readington township,Hunterdon,2017,134540016,176144691,76541
Readington township,Hunterdon,2019,93330537,131797473,66983
Red Bank borough,Monmouth,2017,109819333,129146292,60214
Red Bank borough,Monmouth,2019,114439309,161606393,96960
Ridgefield borough,Bergen,2017,45447881,64588767,34297
Ridgefield borough,Bergen,2019,64022286,90409589,55798
Ridgefield Park village,Bergen,2017,48935327,64651033,32049
Ridgefield Park village,Bergen,2019,59124997,83493840,44337
Ridgewood village,Bergen,2017,153056200,195355097,89028
Ridgewood village,Bergen,2019,136051467,192126184,107087
Ringwood borough,Passaic,2017,56096242,71209422,30806
Ringwood borough,Passaic,2019,61150019,86353494,40711
River Edge borough,Bergen,2017,43924994,57232202,26752
River Edge borough,Bergen,2019,47007791,66382431,40450
River Vale township,Bergen,2017,48089600,62738091,28038
River Vale township,Bergen,2019,43372275,61248509,31619
Riverdale borough,Morris,2017,50081422,62916010,28689
Riverdale borough,Morris,2019,46024958,64994515,30913
Riverside township,Burlington,2015,17506267,36456200,16935
Riverside township,Burlington,2019,14027519,36658775,19096
Riverton borough,Burlington,2015,7075070,14733590,6844
Riverton borough,Burlington,2019,5944953,15536225,8093
Robbinsville township,Mercer,2015,52352468,109022215,50645
Robbinsville township,Mercer,2019,53245494,139148950,72485
Rochelle Park township,Bergen,2017,46366961,58282508,27835
Rochelle Park township,Bergen,2019,49446342,69826051,41779
Rockaway borough,Morris,2017,68094853,82321582,36297
Rockaway borough,Morris,2019,79598568,112405762,57908
Rockaway township,Morris,2017,199109579,247195779,107146
Rockaway township,Morris,2019,191489227,270413057,141345
Rockleigh borough,Bergen,2017,22846562,31225431,17202
Rockleigh borough,Bergen,2019,10023459,14154710,5357
Rocky Hill borough,Somerset,2017,6944733,8345622,4097
Rocky Hill borough,Somerset,2019,5459731,7710002,2795
Roosevelt borough,Monmouth,2017,7085182,8678962,3397
Roosevelt borough,Monmouth,2019,6569071,9276567,2927
Roseland borough,Essex,2017,93702731,106820511,47542
Roseland borough,Essex,2019,71120188,100432947,56147
Roselle borough,Union,2017,58985879,73856994,36018
Roselle borough,Union,2019,69608888,98298754,55939
Roselle Park borough,Union,2017,35418709,42066077,20369
Roselle Park borough,Union,2019,41086034,58019977,32801
Roxbury township,Morris,2017,190838684,237451416,101938
Roxbury township,Morris,2019,187695209,265055306,128474
Rumson borough,Monmouth,2017,33745422,39923174,16906
Rumson borough,Monmouth,2019,24806209,35030287,20985
Runnemede borough,Camden,2015,24673531,51381780,23869
Runnemede borough,Camden,2019,23588467,61644850,32112
Rutherford borough,Bergen,2017,77348420,102071036,46818
Rutherford borough,Bergen,2019,83964290,118570853,66992
Saddle Brook township,Bergen,2017,85595324,106712530,53559
Saddle Brook township,Bergen,2019,96066364,135660895,78568
Saddle River borough,Bergen,2017,43395468,57207359,24873
Saddle River borough,Bergen,2019,43026368,60760033,30662
Salem city,Salem,2015,12192630,33058713,15357
Salem city,Salem,2020,10831569,29539060,15387
Sandyston township,Sussex,2017,13511293,18909684,7461
Sandyston township,Sussex,2019,11448742,16167433,5037
Sayreville borough,Middlesex,2017,221226695,264918909,127129
Sayreville borough,Middlesex,2019,224122992,316497099,182947
Scotch Plains township,Union,2017,112161761,135509864,63134
Scotch Plains township,Union,2019,100702009,142207155,85648
Sea Bright borough,Monmouth,2017,8663234,10487902,4386
Sea Bright borough,Monmouth,2019,8310137,11735226,6570
Sea Girt borough,Monmouth,2017,15702435,18182445,7679
Sea Girt borough,Monmouth,2019,10511541,14843958,7652
Sea Isle City city,Cape May,2015,4167469,10126205,4704
Sea Isle City city,Cape May,2020,4415916,12623166,6576
Seaside Heights borough,Ocean,2017,null,null,null
Seaside Heights borough,Ocean,2019,null,null,null
Seaside Park borough,Ocean,2017,5070452,6779421,2808
Seaside Park borough,Ocean,2019,6162379,8702254,4551
Secaucus town,Hudson,2017,437534795,541306492,254228
Secaucus town,Hudson,2019,244148622,344776452,208583
Shamong township,Burlington,2015,19412361,40425575,18779
Shamong township,Burlington,2019,15922809,41611825,21676
Shiloh borough,Cumberland,2015,7175911,18698077,8686
Shiloh borough,Cumberland,2020,6754253,18066363,9411
Ship Bottom borough,Ocean,2017,11234864,14342135,5820
Ship Bottom borough,Ocean,2019,16887869,23848340,8504
Shrewsbury borough,Monmouth,2017,8528922,10185834,4421
Shrewsbury borough,Monmouth,2019,49148143,69404948,42554
Shrewsbury township,Monmouth,2017,46715856,55791336,26276
Shrewsbury township,Monmouth,2019,9827633,13878171,7458
Somerdale borough,Camden,2015,15762126,32824085,15248
Somerdale borough,Camden,2019,15021953,39257575,20450
Somers Point city,Atlantic,2015,39269226,95417191,44325
Somers Point city,Atlantic,2020,39204160,97055012,50558
Somerville borough,Somerset,2017,149453516,179405543,76202
Somerville borough,Somerset,2019,139076403,196397868,97024
South Amboy city,Middlesex,2017,40162901,51565052,22566
South Amboy city,Middlesex,2019,39014479,55094611,29786
South Bound Brook borough,Somerset,2017,17549537,21320547,9100
South Bound Brook borough,Somerset,2019,17530025,24755165,12960
South Brunswick township,Middlesex,2017,378714716,471452971,227478
South Brunswick township,Middlesex,2019,347687342,490989496,244681
South Hackensack township,Bergen,2017,6280647,7601169,3670
South Hackensack township,Bergen,2019,null,null,null
South Harrison township,Gloucester,2015,12442981,25912080,12037
South Harrison township,Gloucester,2019,9561088,24986440,13016
South Orange Village township,Essex,2017,105332923,125826784,60307
South Orange Village township,Essex,2019,66383292,93743702,54335
South Plainfield borough,Middlesex,2017,226384509,263803258,143131
South Plainfield borough,Middlesex,2019,183979994,259808838,185377
South River borough,Middlesex,2017,68790697,83619554,41834
South River borough,Middlesex,2019,68036738,96078630,55335
South Toms River borough,Ocean,2017,11320045,13605778,5803
South Toms River borough,Ocean,2019,12746642,18000274,8381
Southampton township,Burlington,2015,34331248,71493645,33212
Southampton township,Burlington,2019,29495012,77080700,40153
Sparta township,Sussex,2017,124110629,162653782,64216
Sparta township,Sussex,2019,116869678,165038460,68149
Spotswood borough,Middlesex,2017,43786275,52594387,24593
Spotswood borough,Middlesex,2019,35820440,50584124,30481
Spring Lake borough,Monmouth,2017,18081147,20786261,8676
Spring Lake borough,Monmouth,2019,11372895,16060326,8667
Spring Lake Heights borough,Monmouth,2017,28305329,33489545,14353
Spring Lake Heights borough,Monmouth,2019,23626350,33364141,17771
Springfield township,Burlington,2015,13490412,28093320,13050
Springfield township,Burlington,2019,12494248,32651805,17009
Springfield township,Union,2017,117124070,139618009,66900
Springfield township,Union,2019,112219547,158471742,92904
Stafford township,Ocean,2017,181503339,223568383,91831
Stafford township,Ocean,2019,190653747,269233230,85329
Stanhope borough,Sussex,2017,29760111,39396694,15860
Stanhope borough,Sussex,2019,41013119,57917008,11891
Stillwater township,Sussex,2017,21727518,28704080,11754
Stillwater township,Sussex,2019,20197094,28521489,11419
Stockton borough,Hunterdon,2017,5646953,7020631,2807
Stockton borough,Hunterdon,2019,4059296,5732368,1310
Stone Harbor borough,Cape May,2015,1897110,4609639,2141
Stone Harbor borough,Cape May,2020,2028353,5798172,3020
Stow Creek township,Cumberland,2015,3153305,8216481,3817
Stow Creek township,Cumberland,2020,3061825,8189810,4266
Stratford borough,Camden,2015,27861221,58020035,26953
Stratford borough,Camden,2019,17539183,45835970,23877
Summit city,Union,2017,181640100,215710328,95395
Summit city,Union,2019,157272515,222093653,123000
Surf City borough,Ocean,2017,3679071,4808516,1848
Surf City borough,Ocean,2019,null,null,null
Sussex borough,Sussex,2017,15147512,20745876,9928
Sussex borough,Sussex,2019,16739512,23638837,10159
Swedesboro borough,Gloucester,2015,12169730,25343045,11773
Swedesboro borough,Gloucester,2019,10020455,26186925,13641
Tabernacle township,Burlington,2015,22403044,46653570,21672
Tabernacle township,Burlington,2019,18288779,47794925,24897
Tavistock borough,Camden,2015,0,0,0
Tavistock borough,Camden,2019,174026,454790,237
Teaneck township,Bergen,2017,186433986,237887042,109014
Teaneck township,Bergen,2019,183701165,259415086,129653
Tenafly borough,Bergen,2017,70365322,91091453,41143
Tenafly borough,Bergen,2019,56877485,80320000,41253
Teterboro borough,Bergen,2017,67496597,83514517,42477
Teterboro borough,Bergen,2019,90949387,128434911,82180
Tewksbury township,Hunterdon,2017,47427704,61234714,25883
Tewksbury township,Hunterdon,2019,35162899,49655573,25397
Tinton Falls borough,Monmouth,2017,149442694,173834767,79142
Tinton Falls borough,Monmouth,2019,152517860,215379333,117741
Toms River township,Ocean,2017,484970895,598059812,267921
Toms River township,Ocean,2019,522119160,737314796,372793
Totowa borough,Passaic,2017,119679899,144681762,71620
Totowa borough,Passaic,2019,118110530,166790738,100623
Trenton city,Mercer,2015,309513714,644551675,299420
Trenton city,Mercer,2019,241004471,629828305,328088
Tuckerton borough,Ocean,2017,17494451,21686293,8524
Tuckerton borough,Ocean,2019,20958460,29596659,7934
Union Beach borough,Monmouth,2017,26369606,31200091,12829
Union Beach borough,Monmouth,2019,44812938,63282952,33715
Union City city,Hudson,2017,182458664,223431198,105358
Union City city,Hudson,2019,115111346,162555420,86985
Union township,Hunterdon,2017,31889195,46047779,20224
Union township,Hunterdon,2019,24586933,34720636,15309
Union township,Union,2017,361841359,428576937,200389
Union township,Union,2019,355247951,501666263,297998
Upper Deerfield township,Cumberland,2015,26300134,68529547,31835
Upper Deerfield township,Cumberland,2020,25576306,68411830,35637
Upper Freehold township,Monmouth,2017,68924117,84003084,35295
Upper Freehold township,Monmouth,2019,33957695,47953632,12323
Upper Pittsgrove township,Salem,2015,24065738,65251083,30312
Upper Pittsgrove township,Salem,2020,23797148,64897837,33806
Upper Saddle River borough,Bergen,2017,59637497,78479666,40123
Upper Saddle River borough,Bergen,2019,54808036,77397612,39073
Upper township,Cape May,2015,86604889,210434381,97755
Upper township,Cape May,2020,77519707,221594817,115433
Ventnor City city,Atlantic,2015,8730225,21212884,9854
Ventnor City city,Atlantic,2020,8179781,20250116,10549
Vernon township,Sussex,2017,149834005,192961990,78909
Vernon township,Sussex,2019,146387108,206721739,69988
Verona township,Essex,2017,68576445,81860206,39510
Verona township,Essex,2019,54366185,76773651,44875
Victory Gardens borough,Morris,2017,5801111,7244167,3057
Victory Gardens borough,Morris,2019,6379420,9008751,4538
Vineland city,Cumberland,2015,193529530,504274644,234256
Vineland city,Cumberland,2020,172282487,460823403,240051
Voorhees township,Camden,2015,113227585,235792555,109535
Voorhees township,Camden,2019,100170608,261780555,136366
Waldwick borough,Bergen,2017,53583612,70182279,30963
Waldwick borough,Bergen,2019,54515795,76984921,40423
Wall township,Monmouth,2017,237844279,283865503,127153
Wall township,Monmouth,2019,218346427,308339672,151291
Wallington borough,Bergen,2017,34298553,47736942,23809
Wallington borough,Bergen,2019,53628983,75732602,47185
Walpack township,Sussex,2017,36358,80015,30
Walpack township,Sussex,2019,34958,49367,16
Wanaque borough,Passaic,2017,60662795,75365511,32180
Wanaque borough,Passaic,2019,66616010,94072336,47295
Wantage township,Sussex,2017,54084696,72201205,29934
Wantage township,Sussex,2019,56228509,79403544,27342
Warren township,Somerset,2017,161584186,196745100,84562
Warren township,Somerset,2019,125451213,177156942,93661
Washington borough,Warren,2017,42462800,57644925,22458
Washington borough,Warren,2019,29433640,41564954,21038
Washington township,Bergen,2017,34982806,45619793,20742
Washington township,Bergen,2019,36711383,51842277,28217
Washington township,Burlington,2015,3547876,7388330,3432
Washington township,Burlington,2019,3254256,8504500,4430
Washington township,Gloucester,2015,175808284,366114710,170075
Washington township,Gloucester,2019,158994846,415508700,216446
Washington township,Morris,2017,115305565,141807591,58239
Washington township,Morris,2019,79940468,112888584,58391
Washington township,Warren,2017,54412026,73818639,29242
Washington township,Warren,2019,39094423,55207505,29333
Watchung borough,Somerset,2017,63947005,76711328,36427
Watchung borough,Somerset,2019,55392985,78223652,45311
Waterford township,Camden,2015,37915055,78956800,36679
Waterford township,Camden,2019,31269629,81718390,42569
Wayne township,Passaic,2017,437585539,531310137,242496
Wayne township,Passaic,2019,392603078,554417608,308288
Weehawken township,Hudson,2017,86689195,101748672,47746
Weehawken township,Hudson,2019,41832378,59073929,33024
Wenonah borough,Gloucester,2015,6463017,13459010,6252
Wenonah borough,Gloucester,2019,5838247,15257365,7948
West Amwell township,Hunterdon,2017,23168138,30780657,12962
West Amwell township,Hunterdon,2019,18781884,26522990,6201
West Caldwell township,Essex,2017,103074959,124092497,58359
West Caldwell township,Essex,2019,93843653,132522071,82845
West Cape May borough,Cape May,2015,464625,1128956,524
West Cape May borough,Cape May,2020,576642,1648367,859
West Deptford township,Gloucester,2015,93567914,194851965,90517
West Deptford township,Gloucester,2019,81225670,212270860,110576
West Long Branch borough,Monmouth,2017,68947076,81387353,34959
West Long Branch borough,Monmouth,2019,65770872,92878869,52864
West Milford township,Passaic,2017,148727981,187115059,84146
West Milford township,Passaic,2019,136014332,192073735,91446
West New York town,Hudson,2017,148876799,182861269,86251
West New York town,Hudson,2019,86010142,121459920,70150
West Orange township,Essex,2017,236904098,273697094,125257
West Orange township,Essex,2019,197326991,278656906,154918
West Wildwood borough,Cape May,2015,46049,111891,52
West Wildwood borough,Cape May,2020,36151,103340,54
West Windsor township,Mercer,2015,190820416,397376960,184597
West Windsor township,Mercer,2019,156814215,409809955,213477
Westampton township,Burlington,2015,45521027,94795975,44037
Westampton township,Burlington,2019,44262351,115672880,60256
Westfield town,Union,2017,146416159,180421686,84764
Westfield town,Union,2019,127667205,180286277,106027
Westville borough,Gloucester,2015,15353038,31972175,14852
Westville borough,Gloucester,2019,12648860,33055860,17219
Westwood borough,Bergen,2017,51432742,70868656,33572
Westwood borough,Bergen,2019,56144525,79284944,46241
Weymouth township,Atlantic,2015,18495685,44941205,20877
Weymouth township,Atlantic,2020,15032828,37215726,19386
Wharton borough,Morris,2017,42266240,52696115,23236
Wharton borough,Morris,2019,52922670,74735176,39676
White township,Warren,2017,33008881,44463803,18423
White township,Warren,2019,22373555,31594995,16038
Wildwood city,Cape May,2015,2465015,5989547,2782
Wildwood city,Cape May,2020,2338637,6685136,3482
Wildwood Crest borough,Cape May,2015,1962227,4767861,2215
Wildwood Crest borough,Cape May,2020,1866920,5336704,2780
Willingboro township,Burlington,2015,79656145,165881185,77058
Willingboro township,Burlington,2019,70397099,183972045,95834
Winfield township,Union,2017,3170852,4774362,2132
Winfield township,Union,2019,4236150,5982113,3393
Winslow township,Camden,2015,145481147,302959490,140737
Winslow township,Camden,2019,118175582,308833800,160877
Woodbine borough,Cape May,2015,5243419,12740569,5919
Woodbine borough,Cape May,2020,5117016,14627302,7620
Woodbridge township,Middlesex,2017,694198957,863502859,423195
Woodbridge township,Middlesex,2019,638613832,901823687,522893
Woodbury city,Gloucester,2015,46095046,95991350,44592
Woodbury city,Gloucester,2019,40621215,106157330,55299
Woodbury Heights borough,Gloucester,2015,11867209,24713055,11480
Woodbury Heights borough,Gloucester,2019,12099547,31620315,16472
Woodcliff Lake borough,Bergen,2017,51634166,63881741,30378
Woodcliff Lake borough,Bergen,2019,42804288,60446421,31322
Woodland Park borough,Passaic,2017,58570824,70798397,33328
Woodland Park borough,Passaic,2019,57957485,81845130,47416
Woodland township,Burlington,2015,12226168,25460575,11827
Woodland township,Burlington,2019,4920212,12858220,6698
Woodlynne borough,Camden,2015,4389362,9140695,4246
Woodlynne borough,Camden,2019,3769211,9850255,5131
Wood-Ridge borough,Bergen,2017,30452584,39765731,19015
Wood-Ridge borough,Bergen,2019,36292197,51250318,31878
Woodstown borough,Salem,2015,5429266,14720742,6838
Woodstown borough,Salem,2020,5745623,15669042,8162
Woolwich township,Gloucester,2015,42108637,87689790,40735
Woolwich township,Gloucester,2019,45245750,118242845,61595
Wrightstown borough,Burlington,2015,12423175,25870835,12018
Wrightstown borough,Burlington,2019,24133311,63068715,32854
Wyckoff township,Bergen,2017,111771836,144177494,64142
Wyckoff township,Bergen,2019,98656677,139318822,75024
